-- phpMyAdmin SQL Dump
-- version 5.2.1
-- https://www.phpmyadmin.net/
--
-- Máy chủ: 127.0.0.1
-- Thời gian đã tạo: Th1 11, 2024 lúc 01:14 PM
-- Phiên bản máy phục vụ: 10.4.28-MariaDB
-- Phiên bản PHP: 8.2.4

SET SQL_MODE = "NO_AUTO_VALUE_ON_ZERO";
START TRANSACTION;
SET time_zone = "+00:00";


/*!40101 SET @OLD_CHARACTER_SET_CLIENT=@@CHARACTER_SET_CLIENT */;
/*!40101 SET @OLD_CHARACTER_SET_RESULTS=@@CHARACTER_SET_RESULTS */;
/*!40101 SET @OLD_COLLATION_CONNECTION=@@COLLATION_CONNECTION */;
/*!40101 SET NAMES utf8mb4 */;

--
-- Cơ sở dữ liệu: `doanthuctap`
--

-- --------------------------------------------------------

--
-- Cấu trúc bảng cho bảng `banners`
--

CREATE TABLE `banners` (
  `id` bigint(20) UNSIGNED NOT NULL,
  `image` varchar(255) DEFAULT NULL,
  `created_at` timestamp NULL DEFAULT NULL,
  `updated_at` timestamp NULL DEFAULT NULL,
  `user_id` bigint(20) UNSIGNED DEFAULT 1
) ENGINE=InnoDB DEFAULT CHARSET=utf8mb4 COLLATE=utf8mb4_unicode_ci;

--
-- Đang đổ dữ liệu cho bảng `banners`
--

INSERT INTO `banners` (`id`, `image`, `created_at`, `updated_at`, `user_id`) VALUES
(1, 'Og49ktQI8wcIM1A3QHkPYUrXofzfEJ0SpkeDhJKt.jpg', '2023-05-17 14:57:54', '2023-05-17 14:57:54', 1),
(2, 'uVe7QRJm3nC3xH3ZC4pKm1U7nPjAuZQrXdb66aNZ.jpg', '2023-05-18 11:49:10', '2023-05-31 05:53:09', 1),
(3, 'zMO2dqa3k0I7ksvRh19zIk2MC6a8ftGH9C877Sq8.jpg', '2023-06-24 03:02:10', '2023-06-24 03:02:10', 2),
(4, 'HiRMEQVRR8P545rEITdXpDu7YqE73kO4MqRjjU1E.jpg', '2023-06-24 03:02:46', '2023-06-24 03:02:46', 1);

-- --------------------------------------------------------

--
-- Cấu trúc bảng cho bảng `categories`
--

CREATE TABLE `categories` (
  `id` bigint(20) UNSIGNED NOT NULL,
  `name` varchar(255) NOT NULL,
  `image` varchar(255) DEFAULT NULL,
  `created_at` timestamp NULL DEFAULT NULL,
  `updated_at` timestamp NULL DEFAULT NULL,
  `parent_id` int(11) DEFAULT 0
) ENGINE=InnoDB DEFAULT CHARSET=utf8mb4 COLLATE=utf8mb4_unicode_ci;

--
-- Đang đổ dữ liệu cho bảng `categories`
--

INSERT INTO `categories` (`id`, `name`, `image`, `created_at`, `updated_at`, `parent_id`) VALUES
(1, 'Cây Để Sàn - Góc Nhà', 'S2qWg9fdJwut5XnSIH0S9pNZ9nhUeAozKVVpCQ3E.jpg', '2023-05-17 14:31:30', '2023-05-18 02:38:50', 0),
(2, 'Cây Để Bàn', 'Oh15ab9C2EfA1HnO4zRnyghpwQl3ryV5dnisPsWX.jpg', '2023-05-18 02:27:07', '2023-05-18 02:38:43', 0),
(3, 'Terrarium', '7ImwNZc6zfSWpJXe2VehAA4JnBmaNm70PuUIqBZ6.jpg', '2023-05-18 02:27:15', '2023-05-18 02:28:50', 0),
(4, 'Chậu cây cảnh', 'yKWErraZ3XgHNR3N4UKVs6Aw3lo1In1XhDw1ahdA.jpg', '2023-05-18 02:27:24', '2023-05-18 02:29:32', 0),
(5, 'Phụ kiện tiểu cảnh', 'RHvtnnv7vaFNzoEcJVlCWGCJlDE05ZYyL3hn34cb.jpg', '2023-05-18 02:27:32', '2023-05-18 02:29:15', 0),
(7, 'Test ne', NULL, '2023-11-16 13:13:47', '2023-11-16 13:13:47', 1);

-- --------------------------------------------------------

--
-- Cấu trúc bảng cho bảng `comments`
--

CREATE TABLE `comments` (
  `id` bigint(20) UNSIGNED NOT NULL,
  `customer_id` bigint(20) UNSIGNED DEFAULT NULL,
  `post_id` bigint(20) UNSIGNED DEFAULT NULL,
  `content` varchar(255) NOT NULL,
  `created_at` timestamp NULL DEFAULT NULL,
  `updated_at` timestamp NULL DEFAULT NULL
) ENGINE=InnoDB DEFAULT CHARSET=utf8mb4 COLLATE=utf8mb4_unicode_ci;

--
-- Đang đổ dữ liệu cho bảng `comments`
--

INSERT INTO `comments` (`id`, `customer_id`, `post_id`, `content`, `created_at`, `updated_at`) VALUES
(2, 2, 3, 'xin chào', '2023-05-18 12:08:15', '2023-05-18 12:08:15'),
(3, 1, 8, 'xin chào', '2023-05-27 14:17:17', '2023-05-27 14:17:17');

-- --------------------------------------------------------

--
-- Cấu trúc bảng cho bảng `migrations`
--

CREATE TABLE `migrations` (
  `id` int(10) UNSIGNED NOT NULL,
  `migration` varchar(255) NOT NULL,
  `batch` int(11) NOT NULL
) ENGINE=InnoDB DEFAULT CHARSET=utf8mb4 COLLATE=utf8mb4_unicode_ci;

--
-- Đang đổ dữ liệu cho bảng `migrations`
--

INSERT INTO `migrations` (`id`, `migration`, `batch`) VALUES
(1, '2014_10_12_000000_create_users_table', 1),
(2, '2019_12_14_000001_create_personal_access_tokens_table', 1),
(3, '2023_03_13_121650_create_categories_table', 1),
(4, '2023_03_14_001240_create_products_table', 1),
(5, '2023_03_20_144850_create_theme_settings_table', 1),
(6, '2023_03_20_201206_create_orders_table', 1),
(7, '2023_03_20_214915_create_order_details_table', 1),
(8, '2023_03_22_160131_add_column_method', 1),
(9, '2023_03_23_184507_create_order_statuses_table', 1),
(10, '2023_03_23_184558_add_column_order_status', 1),
(11, '2023_03_23_185635_add_column_color', 1),
(12, '2023_03_23_192215_add_column_staff_id', 1),
(13, '2023_03_27_064725_create_banners_table', 1),
(14, '2023_03_28_215228_create_posts_table', 1),
(15, '2023_04_01_100315_add_column_views', 1),
(16, '2023_04_01_115814_create_comments_table', 1),
(17, '2023_04_02_212204_create_replies_table', 1),
(18, '2023_04_04_092809_add_column_banned_customers', 1),
(19, '2023_05_18_152701_add_column_status_products', 2),
(20, '2023_06_25_175503_add_column_user_id_table_banners', 3),
(21, '2023_11_16_195112_add_column_parent_id', 4),
(22, '2023_11_16_195345_add_column_parent_id', 5);

-- --------------------------------------------------------

--
-- Cấu trúc bảng cho bảng `orders`
--

CREATE TABLE `orders` (
  `id` bigint(20) UNSIGNED NOT NULL,
  `name` varchar(255) DEFAULT NULL,
  `address` varchar(255) DEFAULT NULL,
  `phone` decimal(10,0) DEFAULT NULL,
  `email` varchar(255) DEFAULT NULL,
  `note` text DEFAULT NULL,
  `total` int(11) NOT NULL,
  `customer_id` bigint(20) UNSIGNED DEFAULT NULL,
  `created_at` timestamp NULL DEFAULT NULL,
  `updated_at` timestamp NULL DEFAULT NULL,
  `method` tinyint(4) NOT NULL,
  `status_id` bigint(20) UNSIGNED NOT NULL,
  `user_id` bigint(20) UNSIGNED DEFAULT NULL
) ENGINE=InnoDB DEFAULT CHARSET=utf8mb4 COLLATE=utf8mb4_unicode_ci;

--
-- Đang đổ dữ liệu cho bảng `orders`
--

INSERT INTO `orders` (`id`, `name`, `address`, `phone`, `email`, `note`, `total`, `customer_id`, `created_at`, `updated_at`, `method`, `status_id`, `user_id`) VALUES
(23, 'Nam Lê', 'Đồng Tháp', 354632349, 'lnam6507@gmail.com', NULL, 649000, NULL, '2023-05-21 07:43:44', '2023-06-21 07:43:44', 0, 1, 2),
(32, 'Nam Lê', 'Đồng Tháp', 354632349, 'lnam6507@gmail.com', 'test thanh toan', 649000, NULL, '2023-04-23 13:25:16', '2023-06-23 13:25:16', 1, 1, 2),
(33, 'Test', 'Can tho', 123456789, 'test@gmail.com', NULL, 1410000, NULL, '2023-06-23 13:33:16', '2023-06-23 13:33:16', 0, 1, 14),
(38, 'Nam Lê', 'Đồng Tháp', 354632349, 'lnam6507@gmail.com', NULL, 2385000, NULL, '2023-06-24 02:56:05', '2023-06-24 02:56:05', 1, 1, 2),
(39, 'Nam Lê', 'Đồng Tháp', 354632349, 'lnam6507@gmail.com', NULL, 1710000, NULL, '2023-06-28 13:33:50', '2023-06-28 13:33:50', 1, 1, 2),
(40, 'Nam Lê', 'Đồng Tháp', 354632349, 'lnam6507@gmail.com', NULL, 574000, NULL, '2023-11-21 00:30:38', '2023-11-21 00:30:38', 1, 1, 2),
(41, 'Nam Lê', 'Đồng Tháp', 354632349, 'lnam6507@gmail.com', NULL, 7000, NULL, '2024-01-10 08:50:13', '2024-01-10 08:50:13', 1, 1, 2),
(42, 'Nam Lê', 'Đồng Tháp', 354632349, 'lnam6507@gmail.com', NULL, 607000, NULL, '2024-01-11 05:03:34', '2024-01-11 05:03:34', 1, 1, 2),
(46, 'Nam Lê', 'Đồng Tháp', 354632349, 'lnam6507@gmail.com', NULL, 600000, NULL, '2024-01-11 05:21:17', '2024-01-11 05:21:17', 1, 1, 2),
(47, 'Nam Lê', 'Đồng Tháp', 354632349, 'lnam6507@gmail.com', NULL, 600000, NULL, '2024-01-11 05:24:16', '2024-01-11 05:24:16', 1, 1, 2),
(69, 'Nam Lê', 'Đồng Tháp', 354632349, 'lnam6507@gmail.com', NULL, 189000, NULL, '2024-01-11 05:53:32', '2024-01-11 05:53:32', 1, 1, 2),
(70, 'Nam Lê', 'Đồng Tháp', 354632349, 'lnam6507@gmail.com', NULL, 189000, NULL, '2024-01-11 05:59:16', '2024-01-11 05:59:16', 1, 1, 2);

-- --------------------------------------------------------

--
-- Cấu trúc bảng cho bảng `order_details`
--

CREATE TABLE `order_details` (
  `id` bigint(20) UNSIGNED NOT NULL,
  `price` int(11) NOT NULL,
  `quantity` tinyint(4) NOT NULL,
  `order_id` bigint(20) UNSIGNED NOT NULL,
  `product_id` bigint(20) UNSIGNED NOT NULL,
  `created_at` timestamp NULL DEFAULT NULL,
  `updated_at` timestamp NULL DEFAULT NULL
) ENGINE=InnoDB DEFAULT CHARSET=utf8mb4 COLLATE=utf8mb4_unicode_ci;

--
-- Đang đổ dữ liệu cho bảng `order_details`
--

INSERT INTO `order_details` (`id`, `price`, `quantity`, `order_id`, `product_id`, `created_at`, `updated_at`) VALUES
(24, 649000, 1, 23, 10, '2023-06-21 07:43:44', '2023-06-21 07:43:44'),
(35, 649000, 1, 32, 10, '2023-06-23 13:25:16', '2023-06-23 13:25:16'),
(36, 600000, 1, 33, 5, '2023-06-23 13:33:16', '2023-06-23 13:33:16'),
(37, 450000, 1, 33, 8, '2023-06-23 13:33:16', '2023-06-23 13:33:16'),
(38, 360000, 1, 33, 7, '2023-06-23 13:33:16', '2023-06-23 13:33:16'),
(43, 360000, 4, 38, 7, '2023-06-24 02:56:05', '2023-06-24 02:56:05'),
(44, 189000, 5, 38, 2, '2023-06-24 02:56:05', '2023-06-24 02:56:05'),
(45, 450000, 3, 39, 8, '2023-06-28 13:33:51', '2023-06-28 13:33:51'),
(46, 360000, 1, 39, 7, '2023-06-28 13:33:51', '2023-06-28 13:33:51'),
(47, 7000, 1, 40, 13, '2023-11-21 00:30:38', '2023-11-21 00:30:38'),
(48, 189000, 1, 40, 2, '2023-11-21 00:30:38', '2023-11-21 00:30:38'),
(49, 189000, 1, 40, 3, '2023-11-21 00:30:38', '2023-11-21 00:30:38'),
(50, 189000, 1, 40, 4, '2023-11-21 00:30:38', '2023-11-21 00:30:38'),
(51, 7000, 1, 41, 13, '2024-01-10 08:50:13', '2024-01-10 08:50:13'),
(52, 7000, 1, 42, 13, '2024-01-11 05:03:34', '2024-01-11 05:03:34'),
(53, 600000, 1, 42, 5, '2024-01-11 05:03:34', '2024-01-11 05:03:34'),
(57, 600000, 1, 46, 5, '2024-01-11 05:21:17', '2024-01-11 05:21:17'),
(58, 600000, 1, 47, 5, '2024-01-11 05:24:16', '2024-01-11 05:24:16'),
(66, 189000, 1, 69, 3, '2024-01-11 05:53:32', '2024-01-11 05:53:32'),
(67, 189000, 1, 70, 3, '2024-01-11 05:59:16', '2024-01-11 05:59:16');

-- --------------------------------------------------------

--
-- Cấu trúc bảng cho bảng `order_statuses`
--

CREATE TABLE `order_statuses` (
  `id` bigint(20) UNSIGNED NOT NULL,
  `name` varchar(255) NOT NULL,
  `created_at` timestamp NULL DEFAULT NULL,
  `updated_at` timestamp NULL DEFAULT NULL,
  `color` varchar(255) NOT NULL
) ENGINE=InnoDB DEFAULT CHARSET=utf8mb4 COLLATE=utf8mb4_unicode_ci;

--
-- Đang đổ dữ liệu cho bảng `order_statuses`
--

INSERT INTO `order_statuses` (`id`, `name`, `created_at`, `updated_at`, `color`) VALUES
(1, 'Đơn hàng mới', '2023-05-17 14:44:28', '2023-05-17 14:44:28', '#5bc0de'),
(2, 'Đã giao hàng', '2023-05-18 02:39:27', '2023-05-18 02:39:27', '#5cb85c'),
(3, 'Đã hủy', '2023-05-18 02:39:32', '2023-05-19 01:19:23', '#d9534f'),
(4, 'Đang giao hàng', '2023-05-19 01:20:59', '2023-05-19 01:20:59', '#0275d8');

-- --------------------------------------------------------

--
-- Cấu trúc bảng cho bảng `personal_access_tokens`
--

CREATE TABLE `personal_access_tokens` (
  `id` bigint(20) UNSIGNED NOT NULL,
  `tokenable_type` varchar(255) NOT NULL,
  `tokenable_id` bigint(20) UNSIGNED NOT NULL,
  `name` varchar(255) NOT NULL,
  `token` varchar(64) NOT NULL,
  `abilities` text DEFAULT NULL,
  `last_used_at` timestamp NULL DEFAULT NULL,
  `expires_at` timestamp NULL DEFAULT NULL,
  `created_at` timestamp NULL DEFAULT NULL,
  `updated_at` timestamp NULL DEFAULT NULL
) ENGINE=InnoDB DEFAULT CHARSET=utf8mb4 COLLATE=utf8mb4_unicode_ci;

-- --------------------------------------------------------

--
-- Cấu trúc bảng cho bảng `posts`
--

CREATE TABLE `posts` (
  `id` bigint(20) UNSIGNED NOT NULL,
  `title` varchar(255) DEFAULT NULL,
  `image` varchar(255) DEFAULT NULL,
  `description` varchar(255) DEFAULT NULL,
  `content` text DEFAULT NULL,
  `user_id` bigint(20) UNSIGNED NOT NULL,
  `created_at` timestamp NULL DEFAULT NULL,
  `updated_at` timestamp NULL DEFAULT NULL,
  `views` int(11) NOT NULL DEFAULT 0
) ENGINE=InnoDB DEFAULT CHARSET=utf8mb4 COLLATE=utf8mb4_unicode_ci;

--
-- Đang đổ dữ liệu cho bảng `posts`
--

INSERT INTO `posts` (`id`, `title`, `image`, `description`, `content`, `user_id`, `created_at`, `updated_at`, `views`) VALUES
(1, 'Hướng dẫn chăm sóc cây trầu bà đế vương đỏ đúng cách', 'yI3olZ6TSlielRTpLj44WyCzk2V8nTYodmtJebPO.jpg', 'Cây Trầu bà đế vương đỏ được mệnh danh là bậc đế vương có ý nghĩa mang lại sự thành công, may mắn, thịnh vượng cho gia chủ. Đồng thời chúng còn có khả năng hút các luồng khí độc như khói thuốc, bức xạ máy tính, xăng xe… Hiện nay, loài cây cảnh phong thủy ', '<p>Để c&acirc;y Trầu b&agrave; đế vương đỏ c&oacute; thể sinh trưởng v&agrave; ph&aacute;t triển v&agrave; c&oacute; tuổi thọ l&acirc;u nhất? H&atilde;y c&ugrave;ng C&acirc;y Xinh t&igrave;m hiểu c&aacute;c yếu tố quan trọng dưới đ&acirc;y để biết c&aacute;ch&nbsp;<strong>chăm s&oacute;c c&acirc;y trầu b&agrave; đế vương đ&uacute;ng c&aacute;ch</strong>.</p>\r\n\r\n<p><img alt=\"cách chăm sóc cây trầu bà đế vương\" src=\"https://cayxinh.vn/wp-content/uploads/2018/03/trau-ba-de-vuong-do-03.jpg\" style=\"height:800px; width:800px\" /></p>\r\n\r\n<p><em>H&igrave;nh ảnh: C&acirc;y trầu b&agrave; đế vương đỏ để b&agrave;n</em></p>\r\n\r\n<h3><strong>C&aacute;c yếu tố quan trọng quyết định tốc độ sinh trưởng của c&acirc;y</strong></h3>\r\n\r\n<p>Để c&oacute; một&nbsp;<a href=\"https://cayxinh.vn/cay-canh-van-phong/cay-canh-phong-thuy/cay-trau-ba-de-vuong-do.html\">chậu c&acirc;y trầu b&agrave; đế vương</a>&nbsp;đẹp lu&ocirc;n tươi tốt C&acirc;y Xinh sẽ gửi đến bạn đọc chi tiết c&aacute;c yếu tố quan trọng sau:</p>\r\n\r\n<p><strong><em>&ndash; Đất trồng dinh dưỡng:&nbsp;</em></strong>Trầu b&agrave; đế vương đỏ th&iacute;ch hợp với loại đất trồng m&agrave;u mỡ, tơi xốp, gi&agrave;u chất dinh dưỡng, c&oacute; độ ẩm ướt nhất định sẽ tr&aacute;nh cho c&acirc;y bị thối rễ. Bạn cũng c&oacute; thể d&ugrave;ng hỗn hợp đất trồng với than củi để l&acirc;u ng&agrave;y v&agrave; ph&acirc;n chuồng mục sẽ gi&uacute;p c&acirc;y ph&aacute;t triển được tốt hơn.</p>\r\n\r\n<p><strong><em>&ndash; B&oacute;n ph&acirc;n hợp l&yacute;:&nbsp;</em></strong>Để cung cấp đủ chất dinh dưỡng gi&uacute;p c&acirc;y Trầu b&agrave; đế vương ph&aacute;t triển tốt nhất th&igrave; bạn phải b&oacute;n ph&acirc;n định kỳ một th&aacute;ng một lần với c&aacute;c loại ph&acirc;n như NPK, Ure, ba l&aacute; xanh với số lượng &iacute;t được h&ograve;a lo&atilde;ng để tưới.</p>\r\n\r\n<p>C&aacute;c bạn kh&ocirc;ng n&ecirc;n lạm dụng qu&aacute; nhiều lượng ph&acirc;n b&oacute;n cho c&acirc;y bởi v&igrave; khi lượng ph&acirc;n b&oacute;n qu&aacute; giới hạn c&oacute; thể g&acirc;y ra hiện tượng n&oacute;ng v&agrave; c&acirc;y kh&ocirc;ng hấp thụ hết được lượng ph&acirc;n sẽ l&agrave;m cho c&acirc;y hỏng rễ m&agrave; chết.</p>\r\n\r\n<p><strong><em>&ndash; Nước tưới:&nbsp;</em></strong>L&agrave; loại c&acirc;y rất dễ chăm s&oacute;c, c&oacute; nhu cầu tưới nước ở mức trung b&igrave;nh. V&agrave;o thời tiết m&ugrave;a h&egrave; n&oacute;ng bức, hanh kh&ocirc; bạn c&oacute; thể tưới nước 1 lần/ ng&agrave;y v&agrave; chỉ n&ecirc;n tưới ẩm đất chứ kh&ocirc;ng n&ecirc;n tưới đậm. Đương nhi&ecirc;n thời tiết m&aacute;t mẻ, ẩm ướt th&igrave; kh&ocirc;ng cần tưới h&agrave;ng ng&agrave;y m&agrave; chỉ cần 3- 4 ng&agrave;y tưới 1 lần l&agrave; th&iacute;ch hợp để c&acirc;y hấp thụ.</p>\r\n\r\n<p><img alt=\"cây trầu bà đế vương đỏ\" src=\"https://cayxinh.vn/wp-content/uploads/2018/03/trau-ba-de-vuong-do-02.jpg\" style=\"height:800px; width:800px\" /></p>\r\n\r\n<p><em>H&igrave;nh ảnh: L&aacute; c&acirc;y trầu b&agrave; xanh mọng</em></p>\r\n\r\n<p>Với thời gian tưới nước như vậy c&acirc;y Trầu b&agrave; đỏ đ&atilde; c&oacute; thể sinh trưởng tốt nhất với những chiếc l&aacute; đỏ mọng v&agrave; căng mướt tạo n&ecirc;n vẻ đẹp v&agrave; thu h&uacute;t người nh&igrave;n hơn.</p>\r\n\r\n<p>Ngo&agrave;i ra đối với Trầu b&agrave; đế vương đỏ được trồng thủy sinh phải thay nước 1 tuần 1 lần hoặc c&oacute; thể để &yacute; khi thấy nước đ&atilde; bị v&aacute;ng đục th&igrave; đ&oacute; ch&iacute;nh l&agrave; thời điểm để bạn thay mới nước dinh dưỡng cho c&acirc;y.</p>\r\n\r\n<p><img alt=\"\" src=\"https://cayxinh.vn/wp-content/uploads/2018/01/cay-trau-ba-thuy-sinh.jpg\" style=\"height:800px; width:800px\" /></p>\r\n\r\n<p><em>H&igrave;nh ảnh: C&acirc;y trầu b&agrave; đế vương thủy canh</em></p>\r\n\r\n<p><strong><em>&ndash; Nhiệt độ:&nbsp;</em></strong>Nhiệt độ cũng l&agrave; yếu tố cần thiết trong việc chăm s&oacute;c c&acirc;y Trầu b&agrave; đế vương đỏ. Với kh&iacute; hậu nhiệt đới gi&oacute; m&ugrave;a n&oacute;ng ẩm của Việt Nam ta ho&agrave;n to&agrave;n th&iacute;ch hợp với loại c&acirc;y n&agrave;y. Nhiệt độ trung b&igrave;nh để c&acirc;y ph&aacute;t triển tốt nhất l&agrave; 17 độ C đến 28 độ C.</p>\r\n\r\n<p>Ngo&agrave;i ra c&acirc;y c&ograve;n th&iacute;ch hợp cả trong nhiệt độ ph&ograve;ng b&igrave;nh thường v&agrave; cả trong kh&ocirc;ng gian m&aacute;y lạnh. Do đ&oacute;, bạn chỉ cần ch&uacute; &yacute; mỗi khi trời qu&aacute; n&oacute;ng.</p>\r\n\r\n<p><strong><em>&ndash; &Aacute;nh s&aacute;ng:&nbsp;</em></strong>Một trong những nh&acirc;n tố quan trọng bậc nhất m&agrave; chắc chắn kh&ocirc;ng một lo&agrave;i c&acirc;y n&agrave;o c&oacute; thể thiếu đ&oacute; ch&iacute;nh l&agrave; &aacute;nh s&aacute;ng. C&oacute; qu&aacute; khi n&oacute;i như vậy?</p>\r\n\r\n<p>Khi m&agrave; dường như c&aacute;c loại&nbsp;<a href=\"https://cayxinh.vn/cay-canh-van-phong/cay-canh-phong-thuy/cay-trau-ba-de-vuong-do.html\">c&acirc;y cảnh phong thủy để b&agrave;n</a>&nbsp;đều tạo n&ecirc;n ấn tượng, thu h&uacute;t người nh&igrave;n bởi sự tươi mới ở những t&aacute;n l&aacute;. Với việc sử dụng &aacute;nh s&aacute;ng để quang hợp sẽ gi&uacute;p cho l&aacute; c&acirc;y c&oacute; được m&agrave;u sắc thật v&agrave; tự nhi&ecirc;n nhất.</p>\r\n\r\n<p><img alt=\"cách chăm sóc cây trầu bá đế vương\" src=\"https://cayxinh.vn/wp-content/uploads/2018/03/trau-ba-de-vuong-do-01.jpg\" style=\"height:800px; width:800px\" /></p>\r\n\r\n<p><em>H&igrave;nh ảnh: C&acirc;y trầu b&agrave; đế vương đỏ</em></p>\r\n\r\n<p>Ri&ecirc;ng với trầu b&agrave; đỏ loại c&acirc;y cảnh ưa b&oacute;ng b&aacute;n phần hoặc to&agrave;n phần, kỵ luồng &aacute;nh s&aacute;ng mạnh n&ecirc;n bạn c&oacute; thể trồng ở bất cứ c&aacute;c ng&oacute;c ng&aacute;ch trong nh&agrave; bạn m&agrave; c&acirc;y vẫn c&oacute; thể sinh trưởng v&agrave; ph&aacute;t triển tốt. Tuy nhi&ecirc;n, để c&acirc;y ph&aacute;t triển tốt nhất bạn n&ecirc;n thường xuy&ecirc;n cho c&acirc;y ra phơi nắng, hưởng thụ &aacute;nh s&aacute;ng dịu nhẹ v&agrave;o buổi s&aacute;ng sớm khoảng 10- 15 ph&uacute;t để th&uacute;c đẩy qu&aacute; tr&igrave;nh quang hợp gi&uacute;p c&acirc;y ph&aacute;t triển tốt hơn.</p>\r\n\r\n<p>Bạn ch&uacute; &yacute; tr&aacute;nh để c&acirc;y trực tiếp dưới &aacute;nh năng gay gắt nh&eacute;! Một lần c&oacute; thể kh&ocirc;ng sao nhưng sau nhiều lần c&oacute; thể khiến c&acirc;y bị kh&ocirc; h&eacute;o v&agrave; chết.</p>\r\n\r\n<p>C&aacute;c yếu tố tr&ecirc;n l&agrave; quan trọng để c&acirc;y c&oacute; thể sinh trường v&agrave; ph&aacute;t triển thật tốt, những hơn hết vẫn l&agrave; &yacute; thức chăm s&oacute;c c&acirc;y của bạn. H&atilde;y thường xuy&ecirc;n để &yacute; quan s&aacute;t c&acirc;y h&agrave;ng ng&agrave;y sẽ l&agrave; c&aacute;ch chăm s&oacute;c tốt nhất gi&uacute;p c&acirc;y xanh tươi, bạn nhớ nh&eacute;!</p>\r\n\r\n<p>Qua mẩu tin ngắn n&agrave;y hi vọng bạn đọc sẽ biết được&nbsp;<strong>c&aacute;ch chăm s&oacute;c c&acirc;y trầu b&agrave; đế vương</strong>. Mọi kh&oacute; khăn xin h&atilde;y li&ecirc;n hệ với C&acirc;y Xinh, ch&uacute;ng t&ocirc;i sẽ tư vấn v&agrave; hỗ trợ bạn tốt nhất c&oacute; thể.</p>', 2, '2023-05-18 02:08:38', '2023-06-21 13:42:25', 31),
(2, 'Hướng dẫn chi tiết cách trồng và chăm sóc cây cảnh để bàn', '6HbgfIYMECIZtQMJZ1CBg1wF1iW8EhjFKaQcA4GR.jpg', 'Cây cảnh để bàn dùng để trang trí, tăng thêm tài lộc và may mắn theo phong thủy đang là xu hướng được phần lớn giới công sở, văn phòng ưa chuộng hiện nay. Những chậu trồng cây cảnh mini để bàn đẹp tạo cho bạn sự thoải mái để hoàn thành công việc tốt nhất.', '<ul>\r\n	<li><a href=\"https://cayxinh.vn/huong-dan-cham-soc-sen-da.html\">Kinh nghiệm trồng v&agrave; chăm s&oacute;c sen đ&aacute; l&ecirc;n m&agrave;u chuẩn như ở vườn</a></li>\r\n	<li><a href=\"https://cayxinh.vn/8-tuyet-chieu-de-cham-soc-cay-canh-vao-mua-he-nang-gat.html\">8 tuyệt chi&ecirc;u để chăm s&oacute;c c&acirc;y cảnh v&agrave;o m&ugrave;a h&egrave; nắng gắt?</a></li>\r\n	<li><a href=\"https://cayxinh.vn/cach-cham-soc-cay-trau-ba-de-vuong.html\">Hướng dẫn chăm s&oacute;c c&acirc;y trầu b&agrave; đế vương đỏ đ&uacute;ng c&aacute;ch</a></li>\r\n</ul>\r\n\r\n<p>Tuy nhi&ecirc;n, để trồng được những chậu c&acirc;y cảnh để b&agrave;n như vậy thật kh&ocirc;ng phải l&agrave; việc đơn giản v&agrave; kh&ocirc;ng phải ai cũng c&oacute; thể l&agrave;m được. Vậy l&agrave;m thế n&agrave;o để trồng được c&acirc;y cảnh để b&agrave;n tươi tốt?<br />\r\nB&agrave;i viết dưới đ&acirc;y C&acirc;y xinh sẽ hướng dẫn c&aacute;c bạn về&nbsp;<strong>c&aacute;ch trồng v&agrave; chăm s&oacute;c c&acirc;y cảnh để b&agrave;n đ&uacute;ng c&aacute;ch</strong>.</p>\r\n\r\n<h2><strong>C&aacute;ch trồng c&acirc;y cảnh để b&agrave;n đ&uacute;ng c&aacute;ch</strong></h2>\r\n\r\n<p>C&acirc;y cảnh để b&agrave;n c&oacute; rất nhiều loại kh&aacute;c nhau mỗi m&ocirc;t loại c&acirc;y đều c&oacute; những đặc t&iacute;nh th&iacute;ch nghi ri&ecirc;ng biệt. Do vậy, để trồng được một chậu c&acirc;y cảnh để b&agrave;n đ&uacute;ng c&aacute;ch v&agrave; tươi tốt điều đầu ti&ecirc;n c&aacute;c bạn cần chuẩn bị kh&ocirc;ng phải đất, chậu hay c&acirc;y m&agrave; ch&iacute;nh l&agrave; những kiến thức về loại c&acirc;y m&agrave; m&igrave;nh muốn trồng.</p>\r\n\r\n<p>Việc t&igrave;m h&igrave;m hiểu những đặc t&iacute;nh của c&acirc;y bạn sẽ phần n&agrave;o biết được c&acirc;y hợp với đất g&igrave;, trồng với loại chậu n&agrave;o th&igrave; đẹp v&agrave; chăm s&oacute;c như n&agrave;o th&igrave; hiệu quả.&nbsp;<a href=\"https://cayxinh.vn/danh-muc/cay-canh-van-phong/cay-canh-de-ban.html\">C&acirc;y cảnh mini để b&agrave;n</a>&nbsp;thường c&oacute; k&iacute;ch thước nhỏ b&eacute; hơn rất nhiều so với c&aacute;c mẫu c&acirc;y cảnh để trong văn ph&ograve;ng th&ocirc;ng thường do vậy bạn cũng cố gắng kh&eacute;o l&eacute;o một ch&uacute;t để việc trồng c&acirc;y đơn giản hơn.</p>\r\n\r\n<p><img alt=\"cây cảnh mini để bàn làm việc\" src=\"https://cayxinh.vn/wp-content/uploads/2018/04/cay-canh-phong-thuy-de-phong-lam-viec.jpg\" style=\"height:525px; width:750px\" /></p>\r\n\r\n<p>H&igrave;nh ảnh:&nbsp;<strong>C&acirc;y cảnh mini đẹp trang tr&iacute; tr&ecirc;n b&agrave;n l&agrave;m việc</strong></p>\r\n\r\n<p>Khi bạn t&igrave;m hiểu về c&acirc;y cảnh để b&agrave;n th&igrave; chắc hẳn c&aacute;c bạn cũng biết c&aacute;c loại c&acirc;y cảnh mini để b&agrave;n sẽ được trồng với 2 loại ch&iacute;nh đ&oacute; l&agrave; đất v&agrave; trong dung dịch (nước dinh dưỡng). Dưới đ&acirc;y ch&uacute;ng ta sẽ t&igrave;m hiểu chi tiết c&aacute;c vật liệu cần chuẩn bị v&agrave; đến với c&aacute;ch&nbsp;<strong>trồng c&acirc;y cảnh để b&agrave;n đ&uacute;ng c&aacute;ch</strong>&nbsp;tr&ecirc;n từng loại.</p>\r\n\r\n<p><em>C&aacute;c vật liệu cần chuẩn bị để trồng c&acirc;y bao gồm:</em></p>\r\n\r\n<ul>\r\n	<li>Xẻng để x&uacute;c đất (c&oacute; thể c&oacute; hoặc kh&ocirc;ng)</li>\r\n	<li>Đất trồng c&acirc;y</li>\r\n	<li>Chậu c&acirc;y cảnh</li>\r\n	<li>Dung dịch nước dinh dưỡng</li>\r\n	<li>C&acirc;y cảnh</li>\r\n	<li>Nước tưới c&acirc;y</li>\r\n</ul>\r\n\r\n<h3><strong>C&aacute;ch trồng c&acirc;y cảnh với đất</strong></h3>\r\n\r\n<p>&ndash; Chuẩn bị đất trồng c&acirc;y th&iacute;ch hợp:</p>\r\n\r\n<ul>\r\n	<li>Đất trồng c&acirc;y cảnh c&oacute; nhiều loại v&agrave; theo nhiều c&aacute;ch mỗi người sẽ c&oacute; những c&aacute;ch lựa chọn đất trồng kh&aacute;c nhau. Ở trong b&agrave;i viết n&agrave;y C&acirc;y xinh khuy&ecirc;n bạn n&ecirc;n sử dụng c&aacute;c t&uacute;i đất trồng c&acirc;y được b&aacute;n sẵn ở c&aacute;c cửa h&agrave;ng c&acirc;y cảnh v&agrave; chỉ cần trộn nước. Hoặc cầu kỳ hơn bạn ho&agrave;n to&agrave;n c&oacute; thể tự tạo đất trồng c&acirc;y bằng c&aacute;c th&agrave;nh phần như đất ph&acirc;n b&oacute;n, rơm rạ, m&ugrave;n hay vỏ c&acirc;y những loại vật liệu tạo sự tơi xốp c&oacute; thể ph&acirc;n hủy v&agrave; tạo chất dinh dưỡng.</li>\r\n</ul>\r\n\r\n<p><img alt=\"đất trồng cây cảnh\" src=\"https://cayxinh.vn/wp-content/uploads/2018/04/dat-trong-cay.jpg\" style=\"height:524px; width:750px\" /></p>\r\n\r\n<p>H&igrave;nh ảnh: Chuẩn bị đất để trồng c&acirc;y cảnh</p>\r\n\r\n<ul>\r\n	<li>Bạn cần lưu &yacute; đất trồng c&acirc;y phải đảm bảo c&oacute; độ ẩm v&agrave; dinh dưỡng (dinh dưỡng ở đ&acirc;y l&agrave; c&aacute;c loại ph&acirc;n b&oacute;n) cần thiết cho c&acirc;y sinh trưởng.</li>\r\n</ul>\r\n\r\n<p>&ndash; Trồng c&acirc;y v&agrave;o chậu v&agrave; tưới nước:</p>\r\n\r\n<ul>\r\n	<li>Khi đ&atilde; chuẩn bị được đất trồng như bạn sẽ chuyển qua bước tiếp theo l&agrave; trồng c&acirc;y v&agrave;o chậu. Trước ti&ecirc;n bạn n&ecirc;n ướm chừng ph&acirc;n chậu c&acirc;y th&agrave;nh 3 phần trong đ&oacute; phần dưới c&ugrave;ng l&agrave; đất l&oacute;t, phần th&acirc;n l&agrave; bao phủ gốc của c&acirc;y v&agrave; phần tr&ecirc;n c&ugrave;ng l&agrave; để c&aacute;c tiểu cảnh trang tr&iacute; kh&aacute;c. Khi cố đinh xong c&aacute;c bạn chỉ n&ecirc;n ấn nhẹ để c&acirc;y kh&ocirc;ng ngả nghi&ecirc;ng chứ kh&ocirc;ng n&ecirc;n n&eacute;n qu&aacute; chặt.</li>\r\n	<li>Tới đ&acirc;y, chắc hẳn nhiều bạn sẽ thắc mắc tại sao lại phải ph&acirc;n kh&uacute;c như vậy? Việc ph&acirc;n kh&uacute;c chậu sẽ gi&uacute;p bạn dễ d&agrave;ng c&acirc;n đối được lượng đất v&agrave; độ phủ k&iacute;n cho c&acirc;y. Ở đ&acirc;y, c&aacute;c bạn cũng lưu &yacute; l&agrave; kh&ocirc;ng n&ecirc;n lấp đất đầy qua miệng chậu, bởi như vậy khi tưới nước đất sẽ tr&agrave;n ra ngo&agrave;i v&agrave; một phần kh&aacute;c sẽ l&agrave;m mất t&iacute;nh thẩm mỹ của c&acirc;y cảnh. Thay v&agrave;o đ&oacute; bạn c&oacute; thể lựa chọn c&aacute;c&nbsp;<a href=\"https://cayxinh.vn/danh-muc/phu-kien-terrarium.html\">phụ kiện tiểu cảnh mini</a>, ngộ nghĩnh để trang tr&iacute; cho chậu c&acirc;y th&ecirc;m sinh động.</li>\r\n</ul>\r\n\r\n<h3><strong>C&aacute;ch trồng c&acirc;y cảnh để b&agrave;n bằng dung dịch</strong></h3>\r\n\r\n<p>&ndash; Chuẩn bị nước dinh dưỡng:</p>\r\n\r\n<ul>\r\n	<li>Kh&aacute;c với những c&acirc;y để b&agrave;n trồng từ đất, c&acirc;y trồng trong nước lại c&oacute; m&ocirc;i trường sống l&agrave; nước c&oacute; dung dịch thủy canh, được pha với tỷ lệ th&iacute;ch hợp nhất đảm bảo cung cấp dinh dưỡng cho c&acirc;y sinh trưởng v&agrave; kh&ocirc;ng qu&aacute; liều lượng l&agrave;m c&acirc;y chết yểu.</li>\r\n	<li>Để đảm bảo nước dinh dưỡng hợp l&yacute; nhất bạn n&ecirc;n mua sẵn ở cửa h&agrave;ng hoặc li&ecirc;n hệ với ch&uacute;ng t&ocirc;i để được hỗ trợ trực tiếp c&aacute;c tỷ lệ th&agrave;nh phần dinh dưỡng trong nước.</li>\r\n</ul>\r\n\r\n<p><img alt=\"trồng cây bằng nước dinh dưỡng\" src=\"https://cayxinh.vn/wp-content/uploads/2017/11/cay-phat-loc-thuy-sinh-1-than.jpg\" style=\"height:800px; width:800px\" /></p>\r\n\r\n<p>H&igrave;nh ảnh:&nbsp;<strong>C&acirc;y ph&aacute;t lộc trồng thủy sinh</strong></p>\r\n\r\n<ul>\r\n	<li>Mực nước chuẩn với c&aacute;c loại c&acirc;y trong m&ocirc;i trường thủy canh l&agrave; cao ngang với cổ rễ c&acirc;y. Khi tỷ lệ c&acirc;y v&agrave; nước đ&atilde; th&iacute;ch hợp bạn c&oacute; thể d&ugrave;ng c&aacute;c miếng m&uacute;t xốp thấm nước để cố định c&acirc;y.</li>\r\n	<li>C&aacute;c bạn cũng lưu &yacute;, c&acirc;y trồng trong nước cần phải được thay nước từ 2 &ndash; 3 lần mỗi th&aacute;ng mới đảm bảo ch&uacute;ng lu&ocirc;n khỏe mạnh, xanh tốt. Ch&uacute; &yacute; khi thay nước bạn cần nhẹ nh&agrave;ng đưa c&acirc;y ra, loại bỏ l&aacute; &uacute;a v&agrave;ng, rễ bị mục để c&acirc;y sinh trưởng b&igrave;nh thường, tr&aacute;nh bệnh tật.</li>\r\n</ul>\r\n\r\n<p><em>&gt;&gt; Tham khảo chi tiết c&aacute;c loại c&acirc;y thủy sinh đẹp:</em></p>\r\n\r\n<p><a href=\"https://cayxinh.vn/cay-canh-van-phong/cay-canh-thuy-sinh/cay-kim-ngan-thuy-sinh.html\">c&acirc;y kim ng&acirc;n thủy sinh</a>,&nbsp;<a href=\"https://cayxinh.vn/cay-canh-van-phong/cay-canh-phong-thuy/cay-phat-loc-thuy-sinh.html\">c&acirc;y ph&aacute;t lộc thủy sinh</a>,&nbsp;<a href=\"https://cayxinh.vn/cay-canh-van-phong/cay-canh-thuy-sinh/cay-kim-tien-thuy-sinh.html\">c&acirc;y kim tiền thủy sinh</a>,&nbsp;<a href=\"https://cayxinh.vn/cay-canh-van-phong/cay-canh-thuy-sinh/cay-phu-quy-thuy-sinh.html\">c&acirc;y ph&uacute; qu&yacute; thủy sinh</a></p>\r\n\r\n<h2><strong>C&aacute;ch chăm s&oacute;c c&acirc;y cảnh để b&agrave;n đ&uacute;ng c&aacute;ch</strong></h2>\r\n\r\n<p>Nhiều bạn cho rằng chỉ cần cung cấp ph&acirc;n b&oacute;n c&aacute;c chất dinh dưỡng k&iacute;ch th&iacute;ch sự tăng trưởng của c&acirc;y l&agrave; xong, như vậy đ&atilde; l&agrave;&nbsp;<strong>c&aacute;ch chăm s&oacute;c c&acirc;y cảnh tốt</strong>&nbsp;rồi nhưng sự thật kh&ocirc;ng phải như vậy. Kh&ocirc;ng loại ph&acirc;n b&oacute;n, chất dinh dưỡng n&agrave;o tốt bằng việc quan s&aacute;t v&agrave; theo d&otilde;i c&acirc;y h&agrave;ng ng&agrave;y. C&acirc;y Xinh khuy&ecirc;n c&aacute;c bạn n&ecirc;n thường xuy&ecirc;n theo d&otilde;i c&acirc;y của m&igrave;nh để c&oacute; thể biết được t&igrave;nh trạng thực sự của c&acirc;y, từ đ&oacute; c&oacute; c&aacute;c biện ph&aacute;p chăm s&oacute;c, giải quyết đ&uacute;ng c&aacute;ch.</p>\r\n\r\n<p><img alt=\"Chăm sóc cây cảnh mini để bàn\" src=\"https://cayxinh.vn/wp-content/uploads/2018/04/cham-soc-cay-canh-mini.jpg\" style=\"height:525px; width:750px\" /></p>\r\n\r\n<p>H&igrave;nh ảnh minh họa:&nbsp;<strong>C&aacute;ch chăm s&oacute;c c&acirc;y cảnh mini để b&agrave;n</strong></p>\r\n\r\n<p>V&igrave; vậy nếu khi nhận thấy c&acirc;y c&oacute; biểu hiện yếu đi cần phải:</p>\r\n\r\n<ul>\r\n	<li><strong>Kịp thời c&oacute; biện ph&aacute;p chăm s&oacute;c:</strong>&nbsp;t&ugrave;y v&agrave;o t&igrave;nh trạng bệnh c&acirc;y bị l&agrave; g&igrave; để thay nước, thay đất, phun thuốc trừ s&acirc;u hay cắt tỉa,&hellip; loại bỏ l&aacute; v&agrave;ng h&eacute;o, t&ugrave;y theo việc bạn trồng c&acirc;y cảnh để b&agrave;n bằng đất hay nước để c&oacute; được c&aacute;ch xử l&yacute; với đất v&agrave; nước của c&acirc;y.</li>\r\n	<li><strong>Kh&ocirc;ng để &aacute;nh nắng gay gắt chiếu v&agrave;o c&acirc;y:</strong>&nbsp;v&igrave; l&uacute;c n&agrave;y sự đề kh&aacute;ng v&agrave; quang hợp của c&acirc;y sẽ kh&ocirc;ng được như l&uacute;c chưa bị bệnh, n&ecirc;n cần tr&aacute;nh nguồn s&aacute;ng qu&aacute; n&oacute;ng.</li>\r\n	<li><strong>Để c&acirc;y ở nơi m&aacute;t mẻ, tho&aacute;ng kh&iacute;, tr&aacute;nh gi&oacute; mạnh:</strong>&nbsp;gi&uacute;p cho c&acirc;y lấy lại sự xanh tươi v&agrave; sức đề kh&aacute;ng trước mầm bệnh đang tấn c&ocirc;ng</li>\r\n</ul>\r\n\r\n<p>B&agrave;i viết tr&ecirc;n C&acirc;y xinh đ&atilde; hướng dẫn c&aacute;c bạn chi tiết&nbsp;<strong>c&aacute;ch trồng c&acirc;y cảnh để b&agrave;n đ&uacute;ng c&aacute;ch</strong>. Hi vọng qua b&agrave;i viết n&agrave;y bạn sẽ c&oacute; thể tự trồng v&agrave; sở hữu cho m&igrave;nh 1 chậu c&acirc;y cảnh để b&agrave;n ưng &yacute;. Nếu cần tư vấn th&ecirc;m hay muốn chọn loại c&acirc;y cảnh để b&agrave;n ph&ugrave; hợp với m&igrave;nh, h&atilde;y đến với C&acirc;y Xinh ch&uacute;ng t&ocirc;i sẽ gi&uacute;p bạn.</p>\r\n\r\n<p>&gt;&gt;&nbsp;<strong>C&aacute;c th&ocirc;ng tin được bạn đọc quan t&acirc;m nhiều nhất:</strong></p>\r\n\r\n<ul>\r\n	<li><a href=\"https://cayxinh.vn/cay-phong-thuy-theo-tuoi/cay-canh-phong-thuy-hop-tuoi-de-ban-lam-viec.html\">Tổng hợp c&acirc;y cảnh phong thủy hợp tuổi để b&agrave;n l&agrave;m việc</a></li>\r\n	<li><a href=\"https://cayxinh.vn/cay-phong-thuy-theo-tuoi/trong-cay-gi-hop-menh-de-gap-nhieu-may-man.html\">Trồng c&acirc;y g&igrave; hợp mệnh để gặp nhiều may mắn</a></li>\r\n	<li><a href=\"https://cayxinh.vn/khac/cac-loai-cay-canh-mini-de-ban-duoc-ua-chuong-nhat.html\">Top 5 c&acirc;y cảnh mini để b&agrave;n được ưa chuộng</a></li>\r\n</ul>', 2, '2023-05-18 02:18:06', '2023-05-18 12:56:25', 2),
(3, 'Đặc điểm sinh trưởng, ý nghĩa phong thủy và cách chăm sóc cây Trúc Bách Hợp', 'NztCxDCeSJ4Didu0WucBTydUzQi8eovEjzCNipQV.jpg', 'Cây Trúc Bách Hợp là một trong những lựa chọn yêu thích của các gia đình để trồng trang trí trong nhà. Đây là cây cảnh phong thủy có ý nghĩa rất tốt đẹp, mang lại nhiều may mắn cho gia chủ. Cùng theo dõi bài viết dưới đây để biết thêm nhiều thông tin thú ', '<p>C&acirc;y Tr&uacute;c B&aacute;ch Hợp l&agrave; một trong những lựa chọn y&ecirc;u th&iacute;ch của c&aacute;c gia đ&igrave;nh để trồng trang tr&iacute; trong nh&agrave;. Đ&acirc;y l&agrave; c&acirc;y cảnh phong thủy c&oacute; &yacute; nghĩa rất tốt đẹp, mang lại nhiều may mắn cho gia chủ. C&ugrave;ng theo d&otilde;i b&agrave;i viết dưới đ&acirc;y để biết th&ecirc;m nhiều th&ocirc;ng tin th&uacute; vị về lo&agrave;i c&acirc;y n&agrave;y nh&eacute;.</p>\r\n\r\n<h2><strong>Đặc điểm sinh trưởng c&acirc;y Tr&uacute;c B&aacute;ch Hợp</strong></h2>\r\n\r\n<p><a href=\"https://vuoncayviet.com/san-pham/cay-truc-bach-hop.html\" target=\"_blank\">Tr&uacute;c B&aacute;ch Hợp</a>&nbsp;hay c&ograve;n được gọi l&agrave; Phất Dụ Tr&uacute;c, c&oacute; t&ecirc;n khoa học l&agrave; Dracaena reflexa, thuộc họ Dracaenaceae. Nhiều nghi&ecirc;n cứu chỉ ra, Tr&uacute;c B&aacute;ch Hợp xuất ph&aacute;t từ Bắc Ấn, Ceylon.</p>\r\n\r\n<p><img alt=\"dac-diem-sinh-truong-y-nghia-phong-thuy-cach-cham-soc-cay-truc-bach-hop-1.jpg\" src=\"https://vuoncayviet.com/data/items/1236/dac-diem-sinh-truong-y-nghia-phong-thuy-cach-cham-soc-cay-truc-bach-hop-1.jpg\" style=\"height:478px; width:500px\" /></p>\r\n\r\n<p>C&acirc;y c&oacute; th&acirc;n cứng, m&agrave;u n&acirc;u, sần s&ugrave;i nhiều vết h&otilde;m do l&aacute; rụng để lại. L&aacute; Tr&uacute;c B&aacute;ch Hợp mọc sum s&ecirc; như th&agrave;nh bụi, xếp hoa thị ở ch&iacute;nh giữa v&agrave; tua tủa ra xung quanh. L&aacute; dạng thu&ocirc;n nhọn ở đầu, m&eacute;p nguy&ecirc;n, m&agrave;u xanh b&oacute;ng xen lẫn dải m&agrave;u v&agrave;ng tươi k&eacute;o d&agrave;i từ gốc tới ngọn.</p>\r\n\r\n<p>Tr&uacute;c B&aacute;ch Hợp ngo&agrave;i tự nhi&ecirc;n thường mọc th&agrave;nh bụi, cao đến 2m, c&acirc;y trồng kiểng trong chậu th&igrave; thấp hơn. C&acirc;y nở những cụm hoa nhỏ m&agrave;u trắng kh&aacute; thu h&uacute;t.</p>\r\n\r\n<h2><strong>C&ocirc;ng dụng của c&acirc;y Tr&uacute;c B&aacute;ch Hợp</strong></h2>\r\n\r\n<p>C&aacute;c b&aacute;c sĩ y học cổ truyền ở Madagascar từ l&acirc;u đ&atilde; tin rằng c&acirc;y Tr&uacute;c B&aacute;ch Hợp chữa được c&aacute;c triệu chứng sốt r&eacute;t, ngộ độc, kiết lỵ, ti&ecirc;u chảy, đau bụng kinh v&agrave; cầm m&aacute;u. L&aacute; v&agrave; vỏ c&acirc;y được trộn với c&aacute;c bộ phận của một số c&acirc;y bản địa kh&aacute;c v&agrave; trộn v&agrave;o c&aacute;c loại tr&agrave; thảo dược. Tuy nhi&ecirc;n, những c&ocirc;ng dụng của c&acirc;y Tr&uacute;c B&aacute;ch Hợp vẫn chưa được chứng minh. Do đ&oacute;, c&aacute;c bạn trồng c&acirc;y tr&aacute;nh tự tiện sử dụng c&acirc;y để chữa bệnh khi chưa c&oacute; toa thuốc của b&aacute;c sĩ.</p>\r\n\r\n<p><img alt=\"dac-diem-sinh-truong-y-nghia-phong-thuy-cach-cham-soc-cay-truc-bach-hop-2.jpg\" src=\"https://vuoncayviet.com/data/items/1236/dac-diem-sinh-truong-y-nghia-phong-thuy-cach-cham-soc-cay-truc-bach-hop-2.jpg\" style=\"height:667px; width:500px\" /></p>\r\n\r\n<p>C&acirc;y Tr&uacute;c B&aacute;ch Hợp ngo&agrave;i tự nhi&ecirc;n c&oacute; t&aacute;c dụng kh&aacute; lớn. Theo NASA th&igrave; loại c&acirc;y n&agrave;y c&oacute; thể lọc bỏ nhiều kh&iacute; độc, đem lại m&ocirc;i trường trong l&agrave;nh. Do đ&oacute;, c&acirc;y được ưa chuộng trồng l&agrave;m c&acirc;y nội thất, ngoại thất s&acirc;n vườn để thanh lọc kh&ocirc;ng kh&iacute;.</p>\r\n\r\n<p>Ngo&agrave;i ra, với h&igrave;nh d&aacute;ng bắt mắt của m&igrave;nh, Tr&uacute;c B&aacute;ch Hợp c&ograve;n được sử dụng để l&agrave;m c&acirc;y cảnh trang tr&iacute;, cho kh&ocirc;ng gian th&ecirc;m sinh động, giải tỏa căng thẳng. Bạn c&oacute; thể nh&igrave;n thấy c&acirc;y được đặt ở nhiều nơi như b&agrave;n l&agrave;m việc, cửa sổ, ban c&ocirc;ng, kệ s&aacute;ch, ph&ograve;ng kh&aacute;ch, hi&ecirc;n nh&agrave;, qu&aacute;n cafe, cửa h&agrave;ng,...</p>\r\n\r\n<h2><strong>&Yacute; nghĩa phong thủy của c&acirc;y Tr&uacute;c B&aacute;ch Hợp</strong></h2>\r\n\r\n<p>C&acirc;y Tr&uacute;c B&aacute;ch Hợp trong phong thủy mang &yacute; nghĩa kh&aacute; tốt đẹp. Ngay từ t&ecirc;n gọi m&agrave; người Việt đặt cho c&acirc;y đ&atilde; mang h&agrave;m &yacute; may mắn. Theo tiếng H&aacute;n Việt, &ldquo;tr&uacute;c&rdquo; đồng &acirc;m với &ldquo;ch&uacute;c&rdquo;, ấy l&agrave; lời cầu ch&uacute;c mọi điều su&ocirc;n sẻ, hạnh ph&uacute;c. Người ta cho rằng nếu trồng một c&acirc;y Tr&uacute;c B&aacute;ch Hợp trong nh&agrave; th&igrave; rất vượng kh&iacute;, mang đến năng lượng t&iacute;ch cực cho con người.</p>\r\n\r\n<p>Ch&iacute;nh v&igrave; lẽ đ&oacute; m&agrave; Tr&uacute;c B&aacute;ch Hợp cũng thường được l&agrave;m qu&agrave; tặng nh&acirc;n dịp kh&aacute;nh th&agrave;nh, khai trương, t&acirc;n gia, như l&agrave; lời ch&uacute;c may mắn đến với người nhận.</p>\r\n\r\n<p><img alt=\"dac-diem-sinh-truong-y-nghia-phong-thuy-cach-cham-soc-cay-truc-bach-hop-3.jpg\" src=\"https://vuoncayviet.com/data/items/1236/dac-diem-sinh-truong-y-nghia-phong-thuy-cach-cham-soc-cay-truc-bach-hop-3.jpg\" style=\"height:500px; width:500px\" /></p>\r\n\r\n<p>Với &yacute; nghĩa phong thủy như tr&ecirc;n, vậy, c&acirc;y Tr&uacute;c B&aacute;ch Hợp hợp mệnh g&igrave;, bạn c&oacute; biết?</p>\r\n\r\n<p>Trong Ngũ H&agrave;nh, quan niệm cho rằng m&agrave;u v&agrave;ng l&agrave; m&agrave;u sắc bản mệnh của h&agrave;nh Thổ. C&acirc;y Tr&uacute;c B&aacute;ch Hợp lại mang dải m&agrave;u v&agrave;ng tr&ecirc;n l&aacute;. Do đ&oacute; c&acirc;y đặc biệt th&iacute;ch hợp với người mệnh Thổ. Những người mệnh n&agrave;y c&oacute; t&iacute;nh c&aacute;ch kh&aacute; trầm tĩnh, khi&ecirc;m tốn v&agrave; kh&ocirc;ng ưa ph&ocirc; trương. Đất l&agrave; nguồn nu&ocirc;i dưỡng mọi vật, v&agrave; nhờ lực h&uacute;t m&agrave; trở th&agrave;nh điểm tựa cho vạn vật. Cũng như vậy, người mệnh Thổ l&agrave; chỗ dựa an to&agrave;n, ấm &aacute;p v&agrave; đ&aacute;ng tin cậy cho gia đ&igrave;nh v&agrave; bạn b&egrave;. Trong cuộc sống, sự bản lĩnh v&agrave; tinh thần tr&aacute;ch nhiệm gi&uacute;p người mệnh Thổ dễ th&agrave;nh c&ocirc;ng, nhất l&agrave; khi c&oacute; sự trợ gi&uacute;p của c&acirc;y Tr&uacute;c B&aacute;ch Hợp.</p>\r\n\r\n<p>Những người mệnh Thổ sinh nhằm v&agrave;o c&aacute;c năm: Canh T&yacute; (1960), T&acirc;n Sửu (1961), Mậu Dần (1938, 1998), Kỷ M&atilde;o (1939, 1999), B&iacute;nh Th&igrave;n (1976), Đinh Tỵ (1977), Canh Ngọ (1930, 1990), T&acirc;n M&ugrave;i (1931, 1991), Mậu Th&acirc;n (1968), Kỷ Dậu (1969), B&iacute;nh Tuất (1946, 2006) v&agrave; Đinh Hợi (1947, 2007).</p>\r\n\r\n<h2><strong>C&aacute;ch chăm s&oacute;c c&acirc;y Tr&uacute;c B&aacute;ch Hợp</strong></h2>\r\n\r\n<h3><strong>&Aacute;nh s&aacute;ng v&agrave; nhiệt độ</strong></h3>\r\n\r\n<p><img alt=\"dac-diem-sinh-truong-y-nghia-phong-thuy-cach-cham-soc-cay-truc-bach-hop-4.jpg\" src=\"https://vuoncayviet.com/data/items/1236/dac-diem-sinh-truong-y-nghia-phong-thuy-cach-cham-soc-cay-truc-bach-hop-4.jpg\" style=\"height:578px; width:500px\" /></p>\r\n\r\n<p>C&acirc;y Tr&uacute;c B&aacute;ch Hợp th&iacute;ch &aacute;nh s&aacute;ng gi&aacute;n tiếp, được lọc qua m&agrave;n che, lưới che. Kể cả khi thiếu &aacute;nh s&aacute;ng, c&acirc;y v&acirc;̃n phát tri&ecirc;̉n khá t&ocirc;́t. Do đó, vi&ecirc;̣c bạn tr&ocirc;̀ng c&acirc;y trong nhà kh&ocirc;ng có ảnh hưởng gì đ&ecirc;́n sự sinh trưởng của Trúc Bách Hợp. Tuy nhi&ecirc;n, thỉnh thoảng bạn c&acirc;̀n mang c&acirc;y ra phơi sáng khoảng 2 ti&ecirc;́ng m&ocirc;̣t tu&acirc;̀n đ&ecirc;̉ c&acirc;y quang hợp t&ocirc;́t hơn.</p>\r\n\r\n<p>Trúc Bách Hợp n&ecirc;n được tr&ocirc;̀ng trong m&ocirc;i trường duy trì ở nhi&ecirc;̣t đ&ocirc;̣ từ 18 &deg;C đến 25 &deg;C. C&acirc;y kh&ocirc;ng chịu được nhi&ecirc;̣t đ&ocirc;̣ quá cao hoặc quá th&acirc;́p. N&ecirc;́u tr&ocirc;̀ng c&acirc;y ngoài trời kh&ocirc; hạn và nhi&ecirc;̀u nắng thì phải là những c&acirc;y có chi&ecirc;̀u cao, kích thước lớn đ&ecirc;̉ hút được ch&acirc;́t dinh dưỡng và nước từ đ&acirc;́t th&ocirc;ng qua b&ocirc;̣ r&ecirc;̃ lớn. C&acirc;y con, nhỏ chỉ có th&ecirc;̉ s&ocirc;́ng dưới bóng r&acirc;m.</p>\r\n\r\n<h3><strong>Đất trồng v&agrave; tưới nước</strong></h3>\r\n\r\n<p>Trúc Bách Hợp kh&ocirc;ng kén đ&acirc;́t tr&ocirc;̀ng. Dù th&ecirc;́, n&ecirc;́u bạn tr&ocirc;̀ng c&acirc;y trong ch&acirc;̣u đ&ecirc;̉ làm cảnh thì lại c&acirc;̀n đ&acirc;̀u tư đ&acirc;́t tr&ocirc;̀ng thích hợp. Vì với m&ocirc;i trường ch&acirc;̣t hẹp của ch&acirc;̣u c&acirc;y, đ&acirc;́t thi&ecirc;́u dinh dưỡng có th&ecirc;̉ khi&ecirc;́n c&acirc;y bị héo úa, hoặc còi cọc, nhanh ch&ecirc;́t. Bạn n&ecirc;n tr&ocirc;̣n h&ocirc;̃n hợp đ&acirc;́t bao g&ocirc;̀m: đ&acirc;́t cát, xơ dừa, tro tr&acirc;́u (tr&acirc;́u hun), ph&acirc;n hữu cơ đ&ecirc;̉ tr&ocirc;̀ng c&acirc;y.</p>\r\n\r\n<p><img alt=\"dac-diem-sinh-truong-y-nghia-phong-thuy-cach-cham-soc-cay-truc-bach-hop-5.jpg\" src=\"https://vuoncayviet.com/data/items/1236/dac-diem-sinh-truong-y-nghia-phong-thuy-cach-cham-soc-cay-truc-bach-hop-5.jpg\" style=\"height:420px; width:500px\" /></p>\r\n\r\n<p>Ch&acirc;̣u tr&ocirc;̀ng cũng r&acirc;́t quan trọng. Người tr&ocirc;̀ng n&ecirc;n chọn loại ch&acirc;̣u có l&ocirc;̃ thoát nước ở đáy, vừa vẹn với c&acirc;y Trúc Bách Hợp. Sau m&ocirc;̣t thời gian, n&ecirc;́u c&acirc;y phát tri&ecirc;̉n lớn, r&ecirc;̃ ra dài làm ch&acirc;̣t ch&acirc;̣u, bạn n&ecirc;n thay ch&acirc;̣u mới cho c&acirc;y. Khi &acirc;́y, có th&ecirc;̉ cắt bớt ph&acirc;̀n r&ecirc;̃ già, hư th&ocirc;́i và tr&ocirc;̀ng vào đ&acirc;́t mới.</p>\r\n\r\n<p>Nhu cầu nước của c&acirc;y Trúc Bách Hợp kh&ocirc;ng quá lớn. Trung b&igrave;nh bạn có th&ecirc;̉ tưới 1-2 lần/ tuần. N&ecirc;n tưới đến khi n&agrave;o đất c&oacute; độ ẩm th&igrave; ngưng, tr&aacute;nh để ngập &uacute;ng. Đợi khi nào đ&acirc;́t trong ch&acirc;̣u kh&ocirc; ráo thì tưới lại nước.</p>\r\n\r\n<h3><strong>Dinh dưỡng cho c&acirc;y</strong></h3>\r\n\r\n<p>Ph&acirc;n b&oacute;n cho c&acirc;y Tr&uacute;c B&aacute;ch Hợp l&agrave; ph&acirc;n chứa nhiều dinh dưỡng như N,P,K đồng thời cũng cung cấp c&aacute;c nguy&ecirc;n tố vi lượng Cu, Zn, Cr, Mg, Fe,&hellip; Các chuy&ecirc;n gia làm vườn khuy&ecirc;n n&ecirc;n b&oacute;n ph&acirc;n định kỳ 1-2 th&aacute;ng/lần, c&oacute; thể d&ugrave;ng Compomix hoặc NPK 20-10-10.</p>\r\n\r\n<h3><strong>Lưu &yacute; khi chăm s&oacute;c c&acirc;y Tr&uacute;c B&aacute;ch Hợp</strong></h3>\r\n\r\n<p>Nếu l&aacute; c&acirc;y Trúc Bách Hợp của bạn chuyển sang m&agrave;u v&agrave;ng, rất c&oacute; thể do đ&acirc;́t qu&aacute; kh&ocirc;, c&acirc;y c&acirc;̀n b&ocirc;̉ sung nước ngay. Nếu l&aacute; chuyển sang m&agrave;u v&agrave;ng n&acirc;u và m&ecirc;̀m nhũn, rất c&oacute; thể c&acirc;y qu&aacute; ướt. Lúc này, bạn n&ecirc;n loại bỏ lá úng và thay đ&acirc;́t mới kh&ocirc; thoáng cho ch&acirc;̣u c&acirc;y.</p>\r\n\r\n<p><img alt=\"dac-diem-sinh-truong-y-nghia-phong-thuy-cach-cham-soc-cay-truc-bach-hop.jpg\" src=\"https://vuoncayviet.com/data/items/1236/dac-diem-sinh-truong-y-nghia-phong-thuy-cach-cham-soc-cay-truc-bach-hop.jpg\" style=\"height:500px; width:500px\" /></p>\r\n\r\n<p>C&acirc;y Trúc Bách Hợp có những chiếc l&aacute; nằm dưới th&acirc;́p thỉnh thoảng rụng xu&ocirc;́ng, đ&oacute; chỉ l&agrave; bản chất của loại c&acirc;y n&agrave;y v&agrave; c&aacute;ch n&oacute; ph&aacute;t triển. Bạn kh&ocirc;ng n&ecirc;n quá lo lắng, ngoại trừ trường hợp c&acirc;y rụng nhi&ecirc;̀u lá thì mới là v&acirc;́n đ&ecirc;̀ nguy hại.</p>\r\n\r\n<h2><strong>Mua c&acirc;y Trúc Bách Hợp ở đ&acirc;u?</strong></h2>\r\n\r\n<p>M&ocirc;̣t trong những địa chỉ bán c&acirc;y cảnh uy tín tại thành ph&ocirc;́ H&ocirc;̀ Chí Minh mà bạn có th&ecirc;̉ tham khảo đó chính là cửa hàng Vườn C&acirc;y Vi&ecirc;̣t. Những sản ph&acirc;̉m cửa hàng cung c&acirc;́p đ&ecirc;̀u là các loại c&acirc;y chất lượng, sống l&acirc;u, sinh trưởng xanh tốt, tươi tắn quanh năm. C&acirc;y Trúc Bách Hợp tại Vườn C&acirc;y Vi&ecirc;̣t đều l&agrave; c&acirc;y được trồng từ vườn ươm nổi tiếng, quy tr&igrave;nh thay đất đổi chậu hợp l&yacute;, đ&uacute;ng kỹ thuật. Đất trồng c&acirc;y trong chậu đảm bảo đầy đủ dinh dưỡng cho c&acirc;y sinh trưởng trong v&ograve;ng 3-5 th&aacute;ng m&agrave; kh&ocirc;ng cần ph&acirc;n b&oacute;n.&nbsp;</p>\r\n\r\n<p><img alt=\"dac-diem-sinh-truong-y-nghia-phong-thuy-cach-cham-soc-cay-truc-bach-hop-6.jpg\" src=\"https://vuoncayviet.com/data/items/1236/dac-diem-sinh-truong-y-nghia-phong-thuy-cach-cham-soc-cay-truc-bach-hop-6.jpg\" style=\"height:500px; width:500px\" /></p>\r\n\r\n<p>Vườn C&acirc;y Việt cam kết cung cấp sản phẩm với gi&aacute; cả thuộc khung rẻ nhất thị trường. Mục ti&ecirc;u kinh doanh l&agrave; thỏa m&atilde;n nhu cầu kh&aacute;ch h&agrave;ng, vườn lu&ocirc;n lấy ti&ecirc;u ch&iacute; đẹp - khỏe - rẻ l&agrave;m gi&aacute; trị cốt l&otilde;i trung t&acirc;m. H&atilde;y đến địa chỉ 20/4 Kỳ Đồng, phường 9, quận 3 đ&ecirc;̉ trải nghiệm thử cảm gi&aacute;c được mua sản phẩm chất lượng. Cùng với đ&acirc;́y là dịch vụ đi k&egrave;m đủ l&agrave;m h&agrave;i l&ograve;ng bất kỳ kh&aacute;ch h&agrave;ng kh&oacute; t&iacute;nh n&agrave;o. Hoặc gọi v&agrave;o hotline&nbsp;0985507150&nbsp;ngay bạn nh&eacute;!</p>', 2, '2023-05-18 02:26:00', '2023-05-18 12:08:15', 3);
INSERT INTO `posts` (`id`, `title`, `image`, `description`, `content`, `user_id`, `created_at`, `updated_at`, `views`) VALUES
(4, '15+ CÁC LOẠI HOA TRỒNG MÙA XUÂN MÀU SẮC ĐẸP DỄ TRỒNG, DỄ CHĂM SÓC', 'x176J5cpl3JH3po5DYmRKouDwPKzARRPq72BG8rs.jpg', 'Người ta hay nói mùa xuân là mùa cây cối đâm chồi nảy lộc, muôn hoa khoe sắc, tỏa hương thơm. Vậy mùa xuân có hoa gì nở đẹp nhất? Hãy cùng Cây Cảnh Xanh tìm hiểu bài viết dưới đây top 15+ các loại hoa trồng mùa xuân nở đẹp, say đắm lòng người nhé!', '<h2><strong>M&ugrave;a xu&acirc;n c&oacute; hoa g&igrave; nở đẹp? N&ecirc;n trồng hoa g&igrave; v&agrave;o m&ugrave;a xu&acirc;n?&nbsp;</strong></h2>\r\n\r\n<p>Theo kh&iacute; tượng học, m&ugrave;a xu&acirc;n được x&aacute;c định l&agrave; từ th&aacute;ng 2 đầu năm cho đến cuối th&aacute;ng 4. C&ograve;n nếu t&iacute;nh theo quan niệm d&acirc;n gian, m&ugrave;a xu&acirc;n được t&iacute;nh từ ng&agrave;y lập xu&acirc;n (ng&agrave;y 5 th&aacute;ng 2) v&agrave; kết th&uacute;c khi đến ng&agrave;y lập hạ (ng&agrave;y 5 th&aacute;ng 5).&nbsp;</p>\r\n\r\n<p>Thời tiết m&ugrave;a xu&acirc;n cũng kh&ocirc;ng c&ograve;n những đợt lạnh khắc nghiệt, nhiệt độ tăng dần l&ecirc;n v&agrave; thời gian chiếu s&aacute;ng trong ng&agrave;y cũng d&agrave;i hơn. B&ecirc;n cạnh đ&oacute;, m&ugrave;a xu&acirc;n c&oacute; độ ẩm kh&aacute; cao v&igrave; thường xuy&ecirc;n c&oacute; những cơn mưa ph&ugrave;n. Đ&acirc;y l&agrave; điều kiện tốt để c&acirc;y cối, hoa l&aacute; sinh trưởng v&agrave; ph&aacute;t triển mạnh mẽ.&nbsp;</p>\r\n\r\n<p>Ở thời điểm m&ugrave;a xu&acirc;n, bạn c&oacute; thể trồng loại c&acirc;y ưa ẩm như hoa c&uacute;c, hoa ch&ugrave;m ớt, hoa phong lữ, hoa thi&ecirc;n ph&uacute;c, hoa dạ yến thảo,&hellip;.&nbsp;</p>\r\n\r\n<p><img alt=\"Một góc vườn trồng các loại cây hoa mùa Xuân\" src=\"https://caycanhxanh.vn/wp-content/uploads/2023/03/cac-loai-cay-hoa-trong-mua-xuan.jpg\" style=\"height:338px; width:600px\" /></p>\r\n\r\n<p><em>Một g&oacute;c vườn trồng c&aacute;c loại c&acirc;y hoa m&ugrave;a Xu&acirc;n</em></p>\r\n\r\n<h2><strong>T&igrave;m hiểu c&aacute;c loại hoa trồng m&ugrave;a xu&acirc;n đẹp mắt, t&ocirc; điểm kh&ocirc;ng gian sống&nbsp;</strong></h2>\r\n\r\n<p>Để bạn đọc c&oacute; thể t&igrave;m được loại hoa ưng &yacute;, t&ocirc; điểm kh&ocirc;ng gian sống, ch&uacute;ng t&ocirc;i đ&atilde; tổng hợp 15+&nbsp;<a href=\"https://caycanhxanh.vn/cac-loai-hoa-trong-mua-xuan/\"><strong>c&aacute;c loại hoa trồng m&ugrave;a xu&acirc;n</strong></a>&nbsp;đẹp nhất dưới đ&acirc;y.&nbsp;</p>\r\n\r\n<h3><strong><em>Hoa c&uacute;c rực rỡ sắc m&agrave;u đ&oacute;n xu&acirc;n&nbsp;</em></strong></h3>\r\n\r\n<p>Cứ mỗi năm v&agrave;o dịp xu&acirc;n về, hoa c&uacute;c lại trở th&agrave;nh lựa chọn h&agrave;ng đầu của nhiều người Việt để trang tr&iacute; kh&ocirc;ng gian, tiểu cảnh đ&oacute;n xu&acirc;n.&nbsp;</p>\r\n\r\n<p>Hoa C&uacute;c l&agrave; lo&agrave;i hoa nổi bật với nhiều sắc m&agrave;u rực rỡ từ đỏ, t&iacute;m, trắng, hồng,&hellip;. mỗi m&agrave;u đều c&oacute; một n&eacute;t đẹp ri&ecirc;ng biệt v&agrave; c&ugrave;ng chung &yacute; nghĩa về sự may mắn, ph&uacute;c lộc, sự hoan hỉ trong năm mới.&nbsp;</p>\r\n\r\n<p>Ngo&agrave;i ra, hoa C&uacute;c c&ograve;n l&agrave; biểu tượng cho sự chung thủy trong t&igrave;nh y&ecirc;u. D&ugrave; c&oacute; kh&oacute; khăn, c&aacute;ch trở th&igrave; t&igrave;nh y&ecirc;u giữa đ&ocirc;i b&ecirc;n vẫn bền chặt như thuở ban đầu.&nbsp;</p>\r\n\r\n<p>Hiện nay, hoa c&uacute;c chủ yếu được trồng bằng phương ph&aacute;p gieo hạt. Bạn c&oacute; thể mua hạt giống uy t&iacute;n, đảm bảo chất lượng tại&nbsp;<strong>C&acirc;y Cảnh Xanh</strong>.&nbsp;</p>\r\n\r\n<p><img alt=\"Hoa cúc - Loài cây nhiều giống hoa và nhiều màu sắc\" src=\"https://caycanhxanh.vn/wp-content/uploads/2023/03/hoa-cuc-trong-mua-xuan.jpg\" style=\"height:450px; width:600px\" /></p>\r\n\r\n<p><em>Hoa c&uacute;c &ndash; Lo&agrave;i c&acirc;y nhiều giống hoa v&agrave; nhiều m&agrave;u sắc</em></p>\r\n\r\n<h3><strong><em>Hoa cẩm t&uacute; cầu &ndash; &ldquo;Tắc k&egrave; hoa&rdquo; trong thế giới hoa&nbsp;</em></strong></h3>\r\n\r\n<p>Cẩm T&uacute; Cầu l&agrave; loại hoa được nhiều người ưa th&iacute;ch bởi những cụm hoa nhỏ rực rỡ, đa sắc m&agrave;u nở rộ từ cuối m&ugrave;a xu&acirc;n cho đến m&ugrave;a thu.&nbsp;</p>\r\n\r\n<p>Hoa Cẩm T&uacute; Cầu thường được v&iacute; như &ldquo;tắc k&egrave; hoa&rdquo; trong thế giới c&aacute;c lo&agrave;i hoa. T&ugrave;y thuộc v&agrave;o độ chua của đất m&agrave; m&agrave;u sắc hoa sẽ kh&aacute;c nhau. Nếu ở đất chua hoa sẽ c&oacute; m&agrave;u xanh lam (M&agrave;u hoa phổ biến nhất), đất kiềm hoa sẽ c&oacute; m&agrave;u đỏ, đất trung t&iacute;nh hoa sẽ c&oacute; m&agrave;u t&iacute;m.&nbsp;</p>\r\n\r\n<p>Ngo&agrave;i ra, với sự ph&aacute;t triển tiến tiến của c&ocirc;ng nghệ canh t&aacute;c trồng trọt, người ta đ&atilde; nghi&ecirc;n cứu v&agrave; trồng ra hoa Cẩm T&uacute; Cầu c&oacute; m&agrave;u trắng tinh.&nbsp;</p>\r\n\r\n<p><strong>Lưu &yacute;</strong>: Hoa Cẩm T&uacute; Cầu vốn l&agrave; c&acirc;y độc, t&ugrave;y theo giống c&acirc;y sẽ c&oacute; mức độc t&iacute;nh kh&aacute;c nhau. V&igrave; vậy, tốt nhất bạn n&ecirc;n trồng c&acirc;y ngo&agrave;i vườn, thay v&igrave; trang tr&iacute; trong nh&agrave;.&nbsp;</p>\r\n\r\n<p><img alt=\"Cẩm tú cầu - Loài hoa nở đẹp nhất mùa Xuân\" src=\"https://caycanhxanh.vn/wp-content/uploads/2023/03/cam-tu-cau-trong-mua-xuan.jpg\" style=\"height:450px; width:600px\" /></p>\r\n\r\n<p><em>Cẩm t&uacute; cầu &ndash; Lo&agrave;i hoa nở đẹp nhất m&ugrave;a Xu&acirc;n</em></p>\r\n\r\n<h3><strong><em>Hoa Cẩm Chướng &ndash; Biểu tượng cho t&igrave;nh y&ecirc;u chung thủy&nbsp;</em></strong></h3>\r\n\r\n<p>Hoa Cẩm Chướng l&agrave; lo&agrave;i hoa mang trong m&igrave;nh vẻ đẹp mỏng manh, dịu d&agrave;ng nhưng lại v&ocirc; c&ugrave;ng quyến rũ với nhiều m&agrave;u hoa độc đ&aacute;o.&nbsp;</p>\r\n\r\n<p>Kh&ocirc;ng chỉ đẹp, hoa Cẩm Chướng c&ograve;n thường được sử dụng trong c&aacute;c buổi lễ kết h&ocirc;n. Với mong muốn t&igrave;nh y&ecirc;u của cặp đ&ocirc;i sẽ vĩnh cửu, b&ecirc;n nhau trọn đời.&nbsp;</p>\r\n\r\n<p>Hoa Cẩm Chướng thường nở rộ v&agrave;o th&aacute;ng 1. C&acirc;y ph&aacute;t triển tốt v&agrave; ra hoa đẹp nhất khi được trồng v&agrave;o m&ugrave;a xu&acirc;n, đất tơi xốp, thịt nhẹ, gi&agrave;u dinh dưỡng, c&oacute; độ ẩm tốt.&nbsp;</p>\r\n\r\n<p><img alt=\"Những chậu hoa cẩm chướng nở trước mùa Xuân về\" src=\"https://caycanhxanh.vn/wp-content/uploads/2023/03/hoa-cam-chuong-trong-mua-xuan.jpg\" style=\"height:600px; width:450px\" /></p>\r\n\r\n<p><em>Những chậu hoa cẩm chướng nở trước m&ugrave;a Xu&acirc;n về</em></p>\r\n\r\n<h3><strong><em>Hoa đẹp trồng m&ugrave;a xu&acirc;n &ndash; Hoa Hồng&nbsp;</em></strong></h3>\r\n\r\n<p>Trong số c&aacute;c loại hoa m&ugrave;a xu&acirc;n đẹp, ch&uacute;ng ta kh&ocirc;ng thể kh&ocirc;ng nhắc tới hoa Hồng. Đ&acirc;y kh&ocirc;ng chỉ biểu tượng cho t&igrave;nh y&ecirc;u say đắm, m&atilde;nh liệt của tuổi trẻ m&agrave; c&ograve;n l&agrave; nguồn vượng kh&iacute; thu h&uacute;t may mắn, xua đuổi t&agrave; ma, đen đuổi cho gia chủ.</p>\r\n\r\n<p>Ngo&agrave;i ra, hoa Hồng c&oacute; hương thơm nhẹ nh&agrave;ng, cuốn h&uacute;t gi&uacute;p tinh thần thư th&aacute;i, dễ chịu. Do đ&oacute;, t&ugrave;y theo bản mệnh của m&igrave;nh bạn c&oacute; thể chọn m&agrave;u sắc ph&ugrave; hợp nhất cho s&acirc;n vườn.&nbsp;</p>\r\n\r\n<p><strong>V&iacute; dụ:</strong>&nbsp;Nếu bạn mệnh Hỏa hoặc Thổ th&igrave; n&ecirc;n chọn hoa hồng c&oacute; m&agrave;u hồng, m&agrave;u đỏ. Mệnh Kim th&igrave; n&ecirc;n trồng hoa hồng trắng hoặc v&agrave;ng. Mệnh Thủy n&ecirc;n trồng hoa hồng xanh.&nbsp;</p>\r\n\r\n<p><img alt=\"Hoa hồng nở rực rỡ đón mùa Xuân\" src=\"https://caycanhxanh.vn/wp-content/uploads/2023/03/hoa-hong-trong-mua-xuan.jpg\" style=\"height:450px; width:600px\" /></p>\r\n\r\n<p><em>Hoa hồng nở rực rỡ đ&oacute;n m&ugrave;a Xu&acirc;n</em></p>\r\n\r\n<h3><strong><em>Đắm m&igrave;nh trong sắc hồng mộng mơ, l&atilde;ng mạn của hoa Mộc Lan&nbsp;</em></strong></h3>\r\n\r\n<p>Hoa Mộc Lan hay c&ograve;n c&oacute; c&aacute;c t&ecirc;n gọi mỹ miều kh&aacute;c như Mộc Gi&aacute;ng Hương, hoa Một, hoa Bạch Ngọc Lan, hoa Mộc Mi&ecirc;n,&hellip;. Hoa c&acirc;y thường mọc đơn lẻ ở phần đầu c&agrave;nh, n&aacute;ch l&aacute; hoặc bất kỳ khe c&agrave;nh n&agrave;o. Ch&iacute;nh v&igrave; mọc như vậy n&ecirc;n một c&acirc;y sẽ c&oacute; nhiều b&ocirc;ng hoa lớn nhỏ kh&aacute;c nhau.&nbsp;</p>\r\n\r\n<p>Tuy nhi&ecirc;n, nếu x&eacute;t mặt bằng chung hoa Mộc Lan c&oacute; k&iacute;ch thước kh&aacute; to, một b&ocirc;ng c&oacute; 12 c&aacute;nh hoa lớn nhỏ. Nhị hoa c&oacute; m&agrave;u sắc đồng đều với c&aacute;nh hoa tạo n&ecirc;n vẻ đẹp cuốn h&uacute;t. Hoa Mộc Lan nở rất sai hoa v&agrave; thời gian nở l&acirc;u k&eacute;o d&agrave;i đến 1 th&aacute;ng mới t&agrave;n. Hoa c&oacute; hương thơm dễ chịu v&agrave; thường được d&ugrave;ng l&agrave;m chiết xuất nước hoa.&nbsp;</p>\r\n\r\n<p><img alt=\"Mộc lan - Hoa trồng xuân trong vườn nhiều ý nghĩa\" src=\"https://caycanhxanh.vn/wp-content/uploads/2023/03/hoa-moc-lan-trong-mua-xuan.jpg\" style=\"height:600px; width:450px\" /></p>\r\n\r\n<p><em>Mộc lan &ndash; Hoa trồng xu&acirc;n trong vườn nhiều &yacute; nghĩa</em></p>\r\n\r\n<h3><strong><em>Hoa Đồng Tiền đại diện cho t&igrave;nh y&ecirc;u v&agrave; niềm hạnh ph&uacute;c&nbsp;</em></strong></h3>\r\n\r\n<p>Hoa Đồng Tiền từ l&acirc;u l&agrave; lo&agrave;i hoa quen thuộc với nhiều gia đ&igrave;nh Việt. Ch&uacute;ng thường được sử dụng để trang tr&iacute; s&acirc;n vườn, kh&ocirc;ng gian sống hoặc trong c&aacute;c dịp lễ tết, lễ cưới, ăn hỏi,&hellip;.&nbsp;</p>\r\n\r\n<p>Đặc điểm của hoa đồng tiền thường c&oacute; nhiều c&aacute;nh hoa nhỏ ri&ecirc;ng biệt xếp chồng l&ecirc;n nhau. Hoa cũng kh&ocirc;ng đẻ c&agrave;nh m&agrave; chỉ mọc nh&aacute;nh theo dạng th&acirc;n ngầm. M&agrave;u sắc hoa cũng rất đa dạng v&agrave; c&oacute; &yacute; nghĩa đặc biệt như đại diện cho hạnh ph&uacute;c, tỏ l&ograve;ng biết ơn s&acirc;u sắc, biểu tượng cho sức sống m&atilde;nh liệt hay đơn giản l&agrave; tượng trưng cho sự ng&acirc;y thơ, thuần khiết,&hellip;.&nbsp;</p>\r\n\r\n<p><img alt=\"Hoa đồng tiền - Loài hoa màu sắc đẹp trồng vào mùa Xuân\" src=\"https://caycanhxanh.vn/wp-content/uploads/2023/03/hoa-dong-tien-trong-mua-xuan.jpg\" style=\"height:600px; width:485px\" /></p>\r\n\r\n<p><em>Hoa đồng tiền &ndash; Lo&agrave;i hoa m&agrave;u sắc đẹp trồng v&agrave;o m&ugrave;a Xu&acirc;n</em></p>\r\n\r\n<h3><strong><em>Hoa x&aacute;c ph&aacute;o lo&agrave;i hoa độc đ&aacute;o, thu h&uacute;t t&agrave;i lộc, may mắn cho gia chủ&nbsp;</em></strong></h3>\r\n\r\n<p>Hoa X&aacute;c Ph&aacute;o l&agrave; loại hoa độc đ&aacute;o v&agrave; chỉ mới được du nhập v&agrave;o Việt Nam trong v&agrave;i năm trở lại đ&acirc;y.&nbsp;</p>\r\n\r\n<p>Về h&igrave;nh d&aacute;ng hoa X&aacute;c Ph&aacute;o kh&aacute; giống với hoa Oải Hương nhưng về m&agrave;u sắc th&igrave; hoa X&aacute;c Ph&aacute;o lại đa dạng hơn hẳn như m&agrave;u đỏ, t&iacute;m, xanh v&agrave; da cam.</p>\r\n\r\n<p>Hoa X&aacute;c Ph&aacute;o m&agrave;u đỏ tượng trưng cho nguồn năng lượng mạnh mẽ v&agrave; t&iacute;ch cực trong cuộc sống. Đ&acirc;y l&agrave; m&agrave;u hoa thường được nhiều gia đ&igrave;nh trưng trong nh&agrave; mỗi dịp Tết đến xu&acirc;n về.&nbsp;</p>\r\n\r\n<p>Tr&aacute;i ngược m&agrave;u đỏ, X&aacute;c Ph&aacute;o m&agrave;u t&iacute;m tượng trưng cho nỗi buồn khắc cốt ghi t&acirc;m trong chuyện t&igrave;nh cảm. Trong khi đ&oacute;, m&agrave;u xanh th&igrave; lại biểu tượng cho niềm tin y&ecirc;u, hy vọng ở lứa tuổi thanh xu&acirc;n một lần trong đời người.&nbsp;</p>\r\n\r\n<p>M&agrave;u cam l&agrave; m&agrave;u tương đối hiếm gặp, ở Việt Nam chỉ c&oacute; v&ugrave;ng Bảo Lộc, L&acirc;m Đồng mới đủ điều kiện đ&aacute;p ứng c&acirc;y ra hoa m&agrave;u n&agrave;y. X&aacute;c Ph&aacute;o m&agrave;u cam tượng trưng cho sự ki&ecirc;u h&atilde;nh, &yacute; ch&iacute; kh&ocirc;ng bao giờ bỏ cuộc.&nbsp;</p>\r\n\r\n<p><img alt=\"Hoa xác pháo - Loại hoa màu đỏ trồng mùa Xuân\" src=\"https://caycanhxanh.vn/wp-content/uploads/2023/03/hoa-xac-phao-trong-mua-xuan.jpg\" style=\"height:600px; width:450px\" /></p>\r\n\r\n<p><em>Hoa x&aacute;c ph&aacute;o &ndash; Loại hoa m&agrave;u đỏ trồng m&ugrave;a Xu&acirc;n</em></p>\r\n\r\n<h3><strong><em>Hoa Hướng Dương &ndash; Hoa tượng trưng cho vẻ đẹp &aacute;nh mặt trời thu h&uacute;t mọi &aacute;nh nh&igrave;n&nbsp;</em></strong></h3>\r\n\r\n<p>Trong số&nbsp;<strong>c&aacute;c loại hoa trồng m&ugrave;a xu&acirc;n</strong>, ch&uacute;ng ta kh&ocirc;ng thể kh&ocirc;ng kể tới hoa Hướng Dương &ndash; Biểu tượng cho vẻ đẹp &aacute;nh mặt trời, sự hy vọng về tương lai tươi s&aacute;ng.&nbsp;</p>\r\n\r\n<p>Chỉ với v&agrave;i chậu hoa Hướng Dương đơn giản th&ocirc;i m&agrave; s&acirc;n vườn của bạn vẫn tr&agrave;n ngập &aacute;nh nắng, sự tươi mới. Hiện nay, hoa Hướng Dương kh&ocirc;ng chỉ nở v&agrave;o dịp xu&acirc;n h&egrave; m&agrave; c&ograve;n c&oacute; thể nở v&agrave;o cả m&ugrave;a đ&ocirc;ng lạnh gi&aacute;. Bạn c&oacute; thể chọn mua hạt giống hoa Hướng Dương tại<strong>&nbsp;C&acirc;y Cảnh Xanh</strong>&nbsp;để đảm bảo hiệu quả gieo trồng.&nbsp;</p>\r\n\r\n<p><img alt=\"Hoa hướng dương - Biểu tượng ánh mặt trời\" src=\"https://caycanhxanh.vn/wp-content/uploads/2023/03/hoa-huong-duong-trong-mua-xuan.jpg\" style=\"height:600px; width:450px\" /></p>\r\n\r\n<p><em>Hoa hướng dương &ndash; Biểu tượng &aacute;nh mặt trời</em></p>\r\n\r\n<h3><strong><em>Hoa Đỗ Quy&ecirc;n &ndash; Tượng trưng cho sự sung t&uacute;c, đủ đầy&nbsp;</em></strong></h3>\r\n\r\n<p>Hoa Đỗ Quy&ecirc;n l&agrave; biểu tượng cho sự sung t&uacute;c, đủ đầy trong t&igrave;nh cảm những người th&acirc;n y&ecirc;u, t&igrave;nh cảm lứa đ&ocirc;i. Ngo&agrave;i &yacute; nghĩa phong thủy tốt, hoa c&ograve;n được y&ecirc;u th&iacute;ch bởi m&agrave;u sắc tươi s&aacute;ng, vẻ đẹp rực rỡ.&nbsp;</p>\r\n\r\n<p>B&ecirc;n cạnh, mức gi&aacute; hoa Đỗ Quy&ecirc;n cũng ở tầm trung, c&acirc;y dễ nh&acirc;n giống v&agrave; dễ chăm s&oacute;c, kh&ocirc;ng qu&agrave; kỳ c&ocirc;ng. Do đ&oacute;, nếu bạn đang muốn t&igrave;m sắc m&agrave;u tươi mới cho khoảng s&acirc;n vườn th&igrave; đừng ngần ngại &ldquo;tậu&rdquo; 1 &ndash; 2 chậu hoa Đỗ Quy&ecirc;n về nh&eacute;!&nbsp;</p>\r\n\r\n<p><img alt=\"Hoa đỗ quyên - Loài hoa trồng mùa Xuân biểu tượng cho sự sung túc\" src=\"https://caycanhxanh.vn/wp-content/uploads/2023/03/hoa-do-quyen-trong-mua-xuan.jpg\" style=\"height:337px; width:600px\" /></p>\r\n\r\n<p><em>Hoa đỗ quy&ecirc;n &ndash; Lo&agrave;i hoa trồng m&ugrave;a Xu&acirc;n biểu tượng cho sự sung t&uacute;c</em></p>\r\n\r\n<h3><strong><em>Top c&aacute;c loại hoa trồng m&ugrave;a xu&acirc;n &ndash; Hoa Thược Dược&nbsp;</em></strong></h3>\r\n\r\n<p>Hoa Thược Dược được đ&aacute;nh gi&aacute; l&agrave; lo&agrave;i hoa đẹp của m&agrave;u xu&acirc;n. Hoa thường mọc từ những củ nhỏ ban đầu v&agrave; ph&aacute;t triển mạnh mẽ trong giai đoạn giao giữa 2 m&ugrave;a Đ&ocirc;ng &ndash; Xu&acirc;n. Hoa Thược Dược nở v&agrave;o dịp lễ Tết v&agrave; thường được trưng tr&ecirc;n c&aacute;c b&agrave;n thờ gia ti&ecirc;n hoặc trang ho&agrave;ng kh&ocirc;ng gian nh&agrave; cửa.&nbsp;</p>\r\n\r\n<p>K&iacute;ch thước hoa Thược Dược c&oacute; đường k&iacute;nh từ 8 &ndash; 10cm, nụ hoa c&oacute; k&iacute;ch thước từ 2 &ndash; 3 cm. Hoa c&oacute; đa dạng m&agrave;u sắc như đỏ, t&iacute;m, v&agrave;ng, xanh v&agrave; trắng. Mỗi m&agrave;u ẩn trong đ&oacute; những &yacute; nghĩa kh&aacute;c nhau như vẻ đẹp của tr&iacute; tuệ, niềm hy vọng, điều tốt đẹp trong tương lai, sự gắn kết, thủy chung trong t&igrave;nh y&ecirc;u, biểu tượng sự ph&uacute; qu&yacute;, gi&agrave;u sang,&hellip;.&nbsp;</p>\r\n\r\n<p><img alt=\"Hoa thược dược - Cây cho hoa đẹp và bền ngày đầu năm mới\" src=\"https://caycanhxanh.vn/wp-content/uploads/2023/03/hoa-thuoc-duoc-trong-mua-xuan.jpg\" style=\"height:450px; width:600px\" /></p>\r\n\r\n<p><em>Hoa thược dược &ndash; C&acirc;y cho hoa đẹp v&agrave; bền ng&agrave;y đầu năm mới</em></p>\r\n\r\n<h3><strong><em>Kh&aacute;m ph&aacute; vẻ đẹp độc đ&aacute;o, huyền b&iacute; của hoa Dạ Yến Thảo&nbsp;</em></strong></h3>\r\n\r\n<p>Hoa Dạ Yến Thảo l&agrave; lo&agrave;i hoa dễ trồng v&agrave; nở rực rỡ v&agrave;o m&ugrave;a xu&acirc;n. C&aacute;ch trồng hoa cũng kh&aacute; giống so với hoa Lan, trồng trong chậu treo l&ecirc;n, th&acirc;n hoa mềm mại rủ xuống với những m&agrave;u sắc bắt mắt. Đặc biệt, hoa Dạ Yến Thảo c&oacute; hương thơm rất quyến rũ.&nbsp;</p>\r\n\r\n<p>Bạn chỉ cần ch&uacute; &yacute; đến &aacute;nh s&aacute;ng v&agrave; cung cấp đủ nước cho c&acirc;y, hoa c&oacute; thể nở suốt bốn m&ugrave;a. Từ đ&oacute;, đảm bảo kh&ocirc;ng gian s&acirc;n vườn l&uacute;c n&agrave;o cũng đẹp mắt, thu h&uacute;t mọi &aacute;nh nh&igrave;n.&nbsp;</p>\r\n\r\n<p><img alt=\"Dạ yến thảo treo trước cổng chào đón mùa Xuân\" src=\"https://caycanhxanh.vn/wp-content/uploads/2023/03/da-yen-thao-trong-mua-xuan.jpg\" style=\"height:600px; width:450px\" /></p>\r\n\r\n<p><em>Dạ yến thảo treo trước cổng ch&agrave;o đ&oacute;n m&ugrave;a Xu&acirc;n</em></p>\r\n\r\n<h3><strong><em>Hoa giấy &ndash; T&ocirc; điểm sắc m&agrave;u kh&ocirc;ng gian sống&nbsp;</em></strong></h3>\r\n\r\n<p>Chắc hẳn ai trong ch&uacute;ng ta cũng qu&aacute; quen thuộc với những sắc hoa của c&acirc;y hoa giấy. Tuy nh&igrave;n mỏng manh nhưng hoa của c&acirc;y rất l&acirc;u t&agrave;n v&agrave; lại c&oacute; nhiều m&agrave;u sắc tượng trưng cho nhiều &yacute; nghĩa phong thủy tốt đẹp.&nbsp;</p>\r\n\r\n<p>B&ecirc;n cạnh đ&oacute;, c&acirc;y hoa giấy cũng c&oacute; c&aacute;ch trồng v&agrave; chăm s&oacute;c đơn giản nhưng th&agrave;nh quả lại khiến bạn v&ocirc; c&ugrave;ng h&agrave;i l&ograve;ng.&nbsp;</p>\r\n\r\n<p><img alt=\"Hoa giấy - Cây hoa trồng mùa Xuân đẹp, màu rực rỡ, lâu tàn\" src=\"https://caycanhxanh.vn/wp-content/uploads/2023/03/hoa-giay-trong-mua-xuan.jpg\" style=\"height:450px; width:600px\" /></p>\r\n\r\n<p><em>Hoa giấy &ndash; C&acirc;y hoa trồng m&ugrave;a Xu&acirc;n đẹp, m&agrave;u rực rỡ, l&acirc;u t&agrave;n</em></p>\r\n\r\n<h3><strong><em>Hoa sống đời thi nhau khoe sắc xu&acirc;n&nbsp;</em></strong></h3>\r\n\r\n<p>Nhiều người thường lầm tưởng c&acirc;y Sống Đời l&agrave; lo&agrave;i c&acirc;y kh&ocirc;ng ra hoa nhưng thực tế n&oacute; lại hay nở hoa dịp lễ Tết. Do đ&oacute;, nhiều người thường chậu những chậu hoa Sống Đời để trang tr&iacute; trong nh&agrave;, s&acirc;n vườn hay tr&ecirc;n ban c&ocirc;ng, s&acirc;n thượng,&hellip;.&nbsp;</p>\r\n\r\n<p>Hoa Sống Đời thường l&agrave; biểu tượng cho sự trường thọ, sức khỏe dồi d&agrave;o của con người. Ngo&agrave;i ra, n&oacute; c&ograve;n l&agrave; tượng trưng cho sự gắn kết, đo&agrave;n vi&ecirc;n hạnh ph&uacute;c gia đ&igrave;nh.&nbsp;</p>\r\n\r\n<p>Sống Đời c&oacute; rất nhiều loại như Sống đời ta, Đ&agrave; Lạt, 5 m&agrave;u hay m&agrave;u đỏ. T&ugrave;y v&agrave;o sở th&iacute;ch, bạn c&oacute; thể chọn m&agrave;u hoa ph&ugrave; hợp.&nbsp;</p>\r\n\r\n<p><img alt=\"Hoa sống đời giống Đà lạt - Cây khỏe, hoa đẹp\" src=\"https://caycanhxanh.vn/wp-content/uploads/2023/03/hoa-song-doi-trong-mua-xuan.jpg\" style=\"height:600px; width:450px\" /></p>\r\n\r\n<p><em>Hoa sống đời giống Đ&agrave; lạt &ndash; C&acirc;y khỏe, hoa đẹp</em></p>\r\n\r\n<h3><strong><em>Hoa Thi&ecirc;n Ph&uacute;c &ndash; Kh&aacute;t vọng về sự hạnh ph&uacute;c, t&agrave;i lộc&nbsp;</em></strong></h3>\r\n\r\n<p>Hoa Thi&ecirc;n Ph&uacute;c c&oacute; &yacute; nghĩa trong phong thủy kh&aacute;t vọng về sự hạnh ph&uacute;c v&agrave; t&agrave;i lộc, may mắn cho gia chủ. Hoa Thi&ecirc;n Ph&uacute;c c&oacute; vẻ đẹp độc đ&aacute;o tr&ocirc;ng giống như những b&ocirc;ng ph&aacute;o hoa bắn l&ecirc;n trời. C&acirc;y c&oacute; đặc điểm dễ trồng, dễ chăm s&oacute;c, th&iacute;ch hợp trồng ở cửa nh&agrave;, s&acirc;n vườn.</p>\r\n\r\n<p><img alt=\"Hoa thiên phúc - Mỗi năm chỉ nở một lần vào mùa Xuân\" src=\"https://caycanhxanh.vn/wp-content/uploads/2023/03/hoa-thien-phuc-trong-mua-xuan.jpg\" style=\"height:450px; width:600px\" /></p>\r\n\r\n<p><em>Hoa thi&ecirc;n ph&uacute;c &ndash; Mỗi năm chỉ nở một lần v&agrave;o m&ugrave;a Xu&acirc;n</em></p>\r\n\r\n<h3><strong><em>Hoa Ch&ugrave;m Ớt &ndash; Lo&agrave;i hoa dễ trồng, dễ chăm s&oacute;c&nbsp;</em></strong></h3>\r\n\r\n<p>Đặc điểm nhận dạng hoa Ch&ugrave;m Ớt l&agrave; h&igrave;nh d&aacute;ng ống, hoa giống như những tr&aacute;i ớt đang đung đưa tr&ecirc;n c&agrave;nh. M&agrave;u sắc phổ biến nhất của hoa l&agrave; m&agrave;u v&agrave;ng cam rực rỡ, lấp l&oacute; b&ecirc;n trong l&agrave; nhị v&agrave;ng, nhị trắng bắt mắt.&nbsp;</p>\r\n\r\n<p>Hoa Ch&ugrave;m Ớt thường được người ta trồng l&agrave;m gi&agrave;n che nắng, tạo b&oacute;ng m&aacute;t cũng như trang tr&iacute;, t&ocirc; điểm vẻ đẹp kh&ocirc;ng gian sống. Hoa mọc chi ch&iacute;t khắp nơ từ th&acirc;n cho đến đầu ngọn, n&aacute;ch l&aacute;. Đặc biệt l&agrave; thời gian nở hoa Ch&ugrave;m Ớt nở rất l&acirc;u từ m&agrave;u xu&acirc;n đến cuối h&egrave; mới t&agrave;n.&nbsp;</p>\r\n\r\n<p><img alt=\"Hoa chùm ớt - Tô điểm màu sắc đầu năm\" src=\"https://caycanhxanh.vn/wp-content/uploads/2023/03/hoa-chum-ot-trong-mua-xuan.jpg\" style=\"height:450px; width:600px\" /></p>\r\n\r\n<p><em>Hoa ch&ugrave;m ớt &ndash; T&ocirc; điểm m&agrave;u sắc đầu năm</em></p>\r\n\r\n<h3><strong><em>Hoa Phong Lữ &ndash; M&oacute;n qu&agrave; &yacute; nghĩa động vi&ecirc;n, an ủi tinh thần&nbsp;</em></strong></h3>\r\n\r\n<p>Mỗi b&ocirc;ng hoa Phong Lữ c&oacute; 5 c&aacute;nh, nụ hoa rủ xuống v&agrave; c&aacute;nh hoa c&oacute; những m&agrave;u sắc đa dạng như t&iacute;m, v&agrave;ng, cam, đỏ,&hellip;. Sắc hoa lu&ocirc;n rực rỡ tạo n&ecirc;n điểm nhấn gi&uacute;p khoảng kh&ocirc;ng gian lu&ocirc;n cuốn h&uacute;t.&nbsp;</p>\r\n\r\n<p>T&ugrave;y v&agrave;o m&agrave;u sắc hoa sẽ c&oacute; những &yacute; nghĩa phong thủy ri&ecirc;ng biệt như m&agrave;u phong lữ đỏ tươi thể hiện sự an ủi, vỗ về tinh thần, m&agrave;u hồng thể hiện sự ngọt ng&agrave;o, l&atilde;ng mạn, hoa Phong Lữ l&aacute; sồi mang &yacute; nghĩa t&igrave;nh bạn ch&acirc;n th&agrave;nh,&hellip;&nbsp;</p>\r\n\r\n<p>Ngo&agrave;i việc d&ugrave;ng hoa để trang tr&iacute;, bạn c&oacute; thể d&ugrave;ng hoa Phong Lữ l&agrave;m m&oacute;n qu&agrave; tinh tế d&agrave;nh tặng người th&acirc;n, người y&ecirc;u hay bạn b&egrave;.&nbsp;</p>\r\n\r\n<p><img alt=\"Hoa phong lữ rủ trồng chảo treo hàng rào\" src=\"https://caycanhxanh.vn/wp-content/uploads/2023/03/hoa-phong-lu-trong-mua-xuan.jpg\" style=\"height:338px; width:600px\" /></p>\r\n\r\n<p><em>Hoa phong lữ rủ trồng chảo treo h&agrave;ng r&agrave;o</em></p>\r\n\r\n<h2><strong>Lời kết&nbsp;</strong></h2>\r\n\r\n<p>Tr&ecirc;n đ&acirc;y l&agrave;&nbsp;<strong>c&aacute;c loại hoa trồng m&ugrave;a xu&acirc;n</strong>&nbsp;đẹp, dễ trồng v&agrave; dễ chăm s&oacute;c bạn n&ecirc;n biết. Mỗi lo&agrave;i hoa c&oacute; n&eacute;t đẹp v&agrave; &yacute; nghĩa phong thủy ri&ecirc;ng biệt. H&atilde;y chọn lo&agrave;i hoa bạn y&ecirc;u th&iacute;ch nhất v&agrave; đừng qu&ecirc;n gh&eacute;&nbsp;<a href=\"https://caycanhxanh.vn/\"><strong>C&acirc;y Cảnh Xanh</strong></a>&nbsp;mua hạt giống, c&acirc;y giống chất lượng nh&eacute;!&nbsp;</p>', 2, '2023-05-18 13:40:03', '2023-06-08 15:55:00', 2),
(5, 'MÃN NHÃN 10+ CÂY HOA LEO HÀNG RÀO VỪA ĐẸP LẠI VỪA DỄ TRỒNG', 'Elk74fpwyz4OhnGyqjkR5t1JTeMlTiCiWuPAlZ7r.jpg', 'Xu hướng trong những năm gần đây, nhiều gia đình thường ưa chuộng trồng cây hoa leo hàng rào thay thế cho những khung sắt hay tường gạch thô cứng. Trong bài viết dưới đây, Cây Cảnh Xanh sẽ giới thiệu đến bạn đọc top 10+ cây hoa leo hàng rào vừa đẹp lại vừ', '<h2><strong>V&igrave; sao những c&acirc;y hoa leo h&agrave;ng r&agrave;o ng&agrave;y c&agrave;ng được ưa th&iacute;ch?&nbsp;</strong></h2>\r\n\r\n<p>Trước khi t&igrave;m hiểu n&ecirc;n trồng hoa leo g&igrave; trước nh&agrave;? hay Top những&nbsp;<a href=\"https://caycanhxanh.vn/cay-hoa-leo-hang-rao-de-trong/\"><strong>c&acirc;y hoa leo h&agrave;ng r&agrave;o</strong></a>&nbsp;đẹp mắt? Ch&uacute;ng ta h&atilde;y c&ugrave;ng kh&aacute;m ph&aacute; những lợi &iacute;ch khi trồng c&acirc;y hoa leo h&agrave;ng r&agrave;o.&nbsp;</p>\r\n\r\n<ul>\r\n	<li>C&acirc;y hoa leo h&agrave;ng r&agrave;o l&agrave; chất liệu th&acirc;n thiện với m&ocirc;i trường, sức sống mạnh mẽ, bền bỉ theo thời gian hơn hẳn c&aacute;c loại vật liệu x&acirc;y dựng kh&aacute;c.&nbsp;</li>\r\n	<li>Kh&ocirc;ng chỉ gi&uacute;p t&ocirc; điểm khoảng kh&ocirc;ng gian s&acirc;n vườn m&agrave; n&oacute; c&ograve;n đem lại nhiều lợi &iacute;ch về mặt phong thủy, thanh lọc kh&ocirc;ng kh&iacute; v&agrave; l&agrave; nơi thư gi&atilde;n cho con người sau một ng&agrave;y l&agrave;m việc vất vả, mệt mỏi.&nbsp;</li>\r\n	<li>Những lớp l&aacute; c&acirc;y mới li&ecirc;n tục sinh s&ocirc;i gi&uacute;p cho tường r&agrave;o lu&ocirc;n trong t&igrave;nh trạng xanh tươi. Từ đ&oacute;, gia chủ cũng kh&ocirc;ng cần tốn nhiều c&ocirc;ng sức chăm s&oacute;c hay chi ph&iacute; trồng lại nhiều lần.&nbsp;</li>\r\n	<li>Tương tự như mẫu h&agrave;ng r&agrave;o bằng khung sắt hay b&ecirc; t&ocirc;ng, c&aacute;c c&acirc;y hoa leo h&agrave;ng r&agrave;o cũng đ&oacute;ng vai tr&ograve; giữ g&igrave;n sự ri&ecirc;ng tư, an to&agrave;n cho kh&ocirc;ng gian sống của gia đ&igrave;nh.&nbsp;</li>\r\n</ul>\r\n\r\n<p><img alt=\"Cây hoa leo hàng rào - Mang lại vẻ đẹp và sức sống\" src=\"https://caycanhxanh.vn/wp-content/uploads/2023/03/cay-hoa-leo-hang-rao.jpg\" style=\"height:525px; width:700px\" /></p>\r\n\r\n<p><em>C&acirc;y hoa leo h&agrave;ng r&agrave;o &ndash; Mang lại vẻ đẹp v&agrave; sức sống</em></p>\r\n\r\n<h2><strong>Top 10+ c&acirc;y hoa leo h&agrave;ng r&agrave;o đẹp mắt, dễ trồng, dễ chăm s&oacute;c&nbsp;</strong></h2>\r\n\r\n<p>Sau đ&acirc;y l&agrave; top 10+ c&acirc;y hoa leo h&agrave;ng r&agrave;o dễ trồng, đẹp nhất hiện nay, bạn đọc c&oacute; thể tham khảo, t&igrave;m kiếm v&agrave; lựa chọn giống c&acirc;y ph&ugrave; hợp nhất cho kh&ocirc;ng gian s&acirc;n vườn nh&agrave; m&igrave;nh.&nbsp;</p>\r\n\r\n<h3><strong><em>C&acirc;y hoa giấy &ndash; Lo&agrave;i c&acirc;y hoa leo h&agrave;ng r&agrave;o mộc mạc, giản dị&nbsp;</em></strong></h3>\r\n\r\n<p>C&acirc;y hoa giấy l&agrave; giống c&acirc;y qu&aacute; quen thuộc với nhiều người Việt, đa số nh&agrave; n&agrave;o cũng phải c&oacute; &iacute;t nhất 1 chậu hoa giấy. C&acirc;y hoa giấy hay c&ograve;n gọi l&agrave; c&acirc;y b&ocirc;ng giấy c&oacute; nguồn gốc từ Brazil. Đ&acirc;y l&agrave; giống c&acirc;y ưa chuộng kh&iacute; hậu Việt Nam, c&oacute; khả năng sinh trưởng tốt.&nbsp;</p>\r\n\r\n<p>C&acirc;y hoa giấy c&oacute; tới 18 loại kh&aacute;c nhau, mỗi loại lại mang một m&agrave;u sắc ri&ecirc;ng biệt đ&oacute; c&oacute; thể l&agrave; hoa giấy hồng, hoa giấy ngũ sắc,&hellip;.&nbsp;</p>\r\n\r\n<p>Trong phong thủy, hoa giấy l&agrave; biểu tượng cho sự may mắn, xua đuổi những điều đen đủi, t&agrave; ma trong cuộc sống. Ngo&agrave;i ra ở dịp lễ Tết, c&acirc;y hoa giấy c&ograve;n mang &yacute; nghĩa sum vầy, hạnh ph&uacute;c, mong cho gia đ&igrave;nh c&oacute; một năm mới gặp nhiều may mắn, t&agrave;i lộc.&nbsp;</p>\r\n\r\n<p>Để c&oacute; một h&agrave;ng r&agrave;o c&acirc;y hoa giấy đẹp, m&ecirc; đắm mọi &aacute;nh nh&igrave;n, kh&ocirc;ng hề kh&oacute; như bạn nghĩ. Bạn c&oacute; thể trồng c&acirc;y hoa v&agrave;o chậu hoặc đất s&acirc;n vườn. Bạn n&ecirc;n chọn đất m&ugrave;n, gi&agrave;u dinh dưỡng để hỗ trợ c&acirc;y ph&aacute;t triển tốt nhất. Sau đ&oacute;, &aacute;p dụng phương ph&aacute;p gi&acirc;m c&agrave;nh, chọn c&agrave;nh hoa giấy to khỏe, nhiều mắt để thực hiện.&nbsp;</p>\r\n\r\n<p><img alt=\"Hoa giấy nở rực rỡ trên bờ tường và cổng nhà\" src=\"https://caycanhxanh.vn/wp-content/uploads/2023/03/hoa-giay-leo-hang-rao.jpg\" style=\"height:525px; width:700px\" /></p>\r\n\r\n<p><em>Hoa giấy nở rực rỡ tr&ecirc;n bờ tường v&agrave; cổng nh&agrave;</em></p>\r\n\r\n<p><strong>Lưu &yacute; khi trồng c&acirc;y hoa giấy:&nbsp;</strong></p>\r\n\r\n<ul>\r\n	<li>Thời gian đầu, bạn n&ecirc;n ch&uacute; &yacute; che nắng cho c&acirc;y v&agrave; tưới nước đủ 1 &ndash; 2 lần/ ng&agrave;y.&nbsp;</li>\r\n	<li>C&acirc;y hoa giấy l&agrave; loại c&acirc;y th&iacute;ch &ldquo;bị ngược đ&atilde;i&rdquo;, đất d&ugrave; kh&ocirc; cằn hoa vẫn nở nhiều v&agrave; c&oacute; m&agrave;u sắc sặc sỡ. Do đ&oacute; bạn kh&ocirc;ng cần chăm s&oacute;c kỹ lưỡng, chỉ cần đảm bảo c&acirc;y sinh trường b&igrave;nh thường.</li>\r\n	<li>Nếu c&acirc;y c&oacute; nhiều l&aacute;, bạn n&ecirc;n h&aacute;i hoặc tỉa bớt l&aacute;, chỉ n&ecirc;n để số lượng l&aacute; khoảng &frac12; đến ⅔ để k&iacute;ch th&iacute;ch c&acirc;y ra hoa.&nbsp;</li>\r\n</ul>\r\n\r\n<h3><strong><em>C&acirc;y hoa d&acirc;y leo kh&ocirc;ng rụng l&aacute; &ndash; C&acirc;y hoa Tigon&nbsp;</em></strong></h3>\r\n\r\n<p>Hoa Tigon c&oacute; nguồn gốc từ Mexico v&agrave; hiện đang được trồng phổ biến tại khu vực miền Bắc Việt Nam. Hoa Tigon l&agrave; loại c&acirc;y hoa d&acirc;y leo &iacute;t rụng l&aacute;, hoa c&oacute; đa dạng sắc m&agrave;u như hồng, t&iacute;m, trắng,&hellip;. rất th&iacute;ch hợp trồng l&agrave;m h&agrave;ng r&agrave;o, trước cổng nh&agrave; hay s&acirc;n thượng, ban c&ocirc;ng&hellip;.&nbsp;</p>\r\n\r\n<p>C&acirc;y hoa Tigon thường được nh&acirc;n giống bằng hạt hoặc gi&acirc;m c&agrave;nh. Để tiết kiệm thời gian trồng, bạn c&oacute; thể mua c&acirc;y giống sẵn tại C&acirc;y Cảnh Xanh.&nbsp;</p>\r\n\r\n<p><img alt=\"Hoa tigon leo bờ tường làm hàng rào\" src=\"https://caycanhxanh.vn/wp-content/uploads/2023/03/hoa-tigon-leo-bo-tuong.jpg\" style=\"height:394px; width:700px\" /></p>\r\n\r\n<p><em>Hoa tigon leo bờ tường l&agrave;m h&agrave;ng r&agrave;o</em></p>\r\n\r\n<p><strong>Lưu &yacute; khi trồng c&acirc;y hoa Tigon:&nbsp;</strong></p>\r\n\r\n<ul>\r\n	<li>V&igrave; l&agrave; c&acirc;y th&acirc;n leo, bạn n&ecirc;n l&agrave;m gi&agrave;n, gi&aacute; đỡ hoặc để c&acirc;y b&aacute;m v&agrave;o h&agrave;ng r&agrave;o, v&ograve;m cổng,&hellip;.&nbsp;</li>\r\n	<li>C&acirc;y Tigon l&agrave; c&acirc;y ưa hạn tốt, v&igrave; vậy thời điểm đầu bạn chỉ cần tưới 2 lần/ ng&agrave;y, sau 1 th&aacute;ng trồng chỉ cần tưới 1 lần, n&ecirc;n tưới v&agrave;o l&uacute;c s&aacute;ng sớm hoặc l&uacute;c chiều m&aacute;t.&nbsp;</li>\r\n	<li>Sau 10 ng&agrave;y trồng, bạn n&ecirc;n xới v&aacute;ng cho c&acirc;y. 20 &ndash; 25 ng&agrave;y sau l&agrave;m cỏ, xới x&aacute;o đất 1 lần nữa để c&acirc;y sinh trưởng tốt.&nbsp;</li>\r\n</ul>\r\n\r\n<p>✅Đọc th&ecirc;m:&nbsp;<strong><a href=\"https://caycanhxanh.vn/cay-hoa-trong-hang-rao-bo-tuong/\">Gợi &yacute; c&acirc;y trồng h&agrave;ng r&agrave;o s&acirc;n vườn được ưa chuộng nhất hiện nay</a></strong></p>\r\n\r\n<h3><strong><em>Hoa ch&ugrave;m ớt &ndash; C&acirc;y hoa leo sắc v&agrave;ng cho&nbsp;</em></strong><strong><em>h&agrave;ng r&agrave;o</em></strong></h3>\r\n\r\n<p>Sở hữu m&agrave;u hoa v&agrave;ng cam rực rỡ c&ugrave;ng thế hoa uốn lượn, hoa ch&ugrave;m ớt rất được nhiều người ưa chuộng trồng l&agrave;m h&agrave;ng r&agrave;o. Vừa tạo b&oacute;ng m&aacute;t cho kh&ocirc;ng gian s&acirc;n vườn, c&ocirc;ng tr&igrave;nh c&ocirc;ng cộng vừa g&oacute;p phần t&ocirc; điểm sắc v&agrave;ng rực rỡ cho cảnh quan xung quanh.&nbsp;</p>\r\n\r\n<p>B&ecirc;n cạnh đ&oacute;, trong phong thủy c&acirc;y hoa leo h&agrave;ng r&agrave;o ch&ugrave;m ớt c&ograve;n l&agrave; biểu tượng cho sức sống m&atilde;nh liệt, &yacute; nghĩa may mắn, th&agrave;nh c&ocirc;ng trong cuộc sống.&nbsp;</p>\r\n\r\n<p>C&aacute;ch trồng v&agrave; chăm s&oacute;c c&acirc;y ch&ugrave;m ớt kh&aacute; đơn giản, bạn h&atilde;y &aacute;p dụng phương ph&aacute;p gi&acirc;m c&agrave;nh để c&acirc;y trồng đạt hiệu quả cao nhất.</p>\r\n\r\n<p><img alt=\"Hoa chùm ớt mang màu sắc mới cho hàng rào\" src=\"https://caycanhxanh.vn/wp-content/uploads/2023/03/hoa-chum-ot-hang-rao.jpg\" style=\"height:394px; width:700px\" /></p>\r\n\r\n<p><em>Hoa ch&ugrave;m ớt mang m&agrave;u sắc mới cho h&agrave;ng r&agrave;o</em></p>\r\n\r\n<h3><strong><em>C&aacute;c loại c&acirc;y hoa leo tường &ndash; C&acirc;y hoa Lan Tỏi&nbsp;</em></strong></h3>\r\n\r\n<p>C&acirc;y Hoa Lan Tỏi hay c&ograve;n c&oacute; t&ecirc;n gọi kh&aacute;c l&agrave; c&acirc;y D&acirc;y &Aacute;nh Hồng. Đ&acirc;y l&agrave; c&acirc;y th&acirc;n leo v&agrave; c&oacute; m&ugrave;i hương như m&ugrave;i tỏi.&nbsp;</p>\r\n\r\n<p>Kh&ocirc;ng chỉ c&oacute; t&aacute;c dụng trang tr&iacute;, l&agrave;m h&agrave;ng r&agrave;o đẹp mắt hay l&agrave;m thuốc giảm đau xương khớp, hoa Lan Tỏi c&ograve;n c&oacute; &yacute; nghĩa thu h&uacute;t những điều may mắn, thịnh vượng trong c&ocirc;ng việc, sức khỏe tốt đến cho gia chủ.&nbsp;</p>\r\n\r\n<p>Ngo&agrave;i ra, c&acirc;y Hoa Lan Tỏi l&agrave; biểu tượng cho t&igrave;nh y&ecirc;u chung thủy. H&igrave;nh ảnh những b&ocirc;ng hoa đan xen v&agrave;o nhau thể hiện t&igrave;nh y&ecirc;u lứa đ&ocirc;i lu&ocirc;n bền chặt, c&ugrave;ng nhau cố gắng, nỗ lực vượt qua những kh&oacute; khăn, thử th&aacute;ch.&nbsp;</p>\r\n\r\n<p><img alt=\"Hoa lan tỏi - Cây hoa leo hàng rào đuổi côn trùng\" src=\"https://caycanhxanh.vn/wp-content/uploads/2023/03/hoa-lan-toi-leo-tuong.jpg\" style=\"height:525px; width:700px\" /></p>\r\n\r\n<p><em>Hoa lan tỏi &ndash; C&acirc;y hoa leo h&agrave;ng r&agrave;o đuổi c&ocirc;n tr&ugrave;ng</em></p>\r\n\r\n<h3><strong><em>C&acirc;y Lan Ho&agrave;ng Dương &ndash; Hợp mệnh Thổ, tốt cho phong thủy gia chủ</em></strong></h3>\r\n\r\n<p><a href=\"https://caycanhxanh.vn/cay-lan-hoang-duong/\"><strong>Lan ho&agrave;ng dương</strong></a>&nbsp;l&agrave; c&acirc;y hoa leo h&agrave;ng r&agrave;o dễ trồng với sắc hoa m&agrave;u v&agrave;ng nổi bật. Hơn nữa đ&acirc;y l&agrave; loại c&acirc;y sống l&acirc;u năm, th&iacute;ch nghi tốt với kh&iacute; hậu Việt Nam. V&igrave; l&agrave; c&acirc;y th&acirc;n mềm n&ecirc;n Lan Ho&agrave;ng Dương c&oacute; khả năng b&aacute;m quanh c&aacute;c c&agrave;nh c&acirc;y, vật cố định rất chắc chắn. C&acirc;y ra hoa li&ecirc;n tục từ m&ugrave;a thu sang m&ugrave;a xu&acirc;n nếu được chăm s&oacute;c kỹ lưỡng. Hoa c&acirc;y mọc theo ch&ugrave;m, c&oacute; h&igrave;nh d&aacute;ng rủ xuống.&nbsp;</p>\r\n\r\n<p>Với sắc hoa m&agrave;u v&agrave;ng đậm, kết th&agrave;nh chuỗi, Lan Ho&agrave;ng Dương thường được người ta li&ecirc;n tưởng đến sự gắn kết, đ&ugrave;m bọc, h&ograve;a thuận trong gia đ&igrave;nh. Đồng thời, n&oacute; c&ograve;n l&agrave; biểu tượng cho may mắn t&agrave;i lộc, ph&uacute; qu&yacute; bởi từng ch&ugrave;m hoa nh&igrave;n như ch&ugrave;m tiền.&nbsp;</p>\r\n\r\n<p><img alt=\"Lan hoàng dương - cây hoa leo hàng rào phong thủy\" src=\"https://caycanhxanh.vn/wp-content/uploads/2023/03/lan-hoang-duong-lam-hang-rao.jpg\" style=\"height:525px; width:700px\" /></p>\r\n\r\n<p><em>Lan ho&agrave;ng dương &ndash; c&acirc;y hoa leo h&agrave;ng r&agrave;o phong thủy</em></p>\r\n\r\n<h3><strong><em>C&acirc;y hoa Đăng Ti&ecirc;u &ndash; T&ocirc; điểm sắc cam rực rỡ cho s&acirc;n vườn&nbsp;</em></strong></h3>\r\n\r\n<p>Nếu bạn đang t&igrave;m kiếm c&acirc;y hoa leo h&agrave;ng r&agrave;o đẹp mắt, hợp phong thủy th&igrave; đừng bỏ qua c&acirc;y hoa Đăng Ti&ecirc;u.&nbsp;</p>\r\n\r\n<p>Hoa Đăng Ti&ecirc;u l&agrave; c&acirc;y th&acirc;n leo sinh trưởng kh&aacute; nhanh v&agrave; mọc th&agrave;nh nhiều c&agrave;nh nh&aacute;nh trong qu&aacute; tr&igrave;nh ph&aacute;t triển. Hoa đăng ti&ecirc;u c&oacute; h&igrave;nh d&aacute;ng giống với chiếc chu&ocirc;ng, phần th&acirc;n thon d&agrave;i vừa phải, c&aacute;nh hoa mỏng, phần đầu hoa loe v&agrave; to hơn. Hoa c&oacute; m&agrave;u đỏ cam, c&agrave;ng về phần đầu c&aacute;nh m&agrave;u hoa c&agrave;ng đậm tạo n&ecirc;n hiệu ứng v&ocirc; c&ugrave;ng đẹp mắt.&nbsp;</p>\r\n\r\n<p>Kh&ocirc;ng chỉ g&oacute;p phần n&acirc;ng cao gi&aacute; trị thẩm mỹ c&ocirc;ng tr&igrave;nh, hoa Đăng Ti&ecirc;u c&ograve;n l&agrave; lo&agrave;i hoa mang &yacute; nghĩa phong thủy gi&uacute;p xua đuổi t&agrave; kh&iacute;, thu h&uacute;t may mắn đến với gia đ&igrave;nh gia chủ.&nbsp;</p>\r\n\r\n<p><img alt=\"Hoa đăng tiêu - Leo bờ tường, cổng nhà với màu hoa cam\" src=\"https://caycanhxanh.vn/wp-content/uploads/2023/03/hoa-dang-tieu-hang-rao.jpg\" style=\"height:700px; width:467px\" /></p>\r\n\r\n<p><em>Hoa đăng ti&ecirc;u &ndash; Leo bờ tường, cổng nh&agrave; với m&agrave;u hoa cam</em></p>\r\n\r\n<h3><strong><em>C&uacute;c leo Mexico &ndash; C&acirc;y hoa trồng h&agrave;ng r&agrave;o đẹp mắt&nbsp;</em></strong></h3>\r\n\r\n<p>C&uacute;c leo Mexico l&agrave; c&acirc;y c&oacute; khả năng chịu nhiệt tốt c&ugrave;ng khả năng che phủ, leo gi&agrave;n tốt v&agrave; c&acirc;y ra hoa quanh năm.&nbsp;</p>\r\n\r\n<p>B&ecirc;n cạnh đ&oacute;, c&uacute;c leo Mexico c&ograve;n l&agrave; h&igrave;nh ảnh tượng trưng cho những con người ki&ecirc;n tr&igrave;, bền bỉ, cố gắng theo đuổi đạt được mục ti&ecirc;u. Bạn c&oacute; thể trồng loại c&acirc;y n&agrave;y theo phương ph&aacute;p gieo hạt hoặc mua c&acirc;y giống để tạo n&ecirc;n h&agrave;ng r&agrave;o đẹp mắt.&nbsp;</p>\r\n\r\n<p><img alt=\"Cúc leo mexico - Cây hoa leo hàng rào đẹp mắt\" src=\"https://caycanhxanh.vn/wp-content/uploads/2023/03/cuc-leo-mexico-leo-gian.jpg\" style=\"height:700px; width:525px\" /></p>\r\n\r\n<p><em>C&uacute;c leo mexico &ndash; C&acirc;y hoa leo h&agrave;ng r&agrave;o đẹp mắt</em></p>\r\n\r\n<h3><strong><em>Ngất ng&acirc;y trước vẻ đẹp của c&acirc;y Hồng Anh&nbsp;</em></strong></h3>\r\n\r\n<p>Hoa Hồng Anh l&agrave; lo&agrave;i hoa thu h&uacute;t &aacute;nh nh&igrave;n với sắc m&agrave;u hoa đa dạng như hồng, đỏ hay trắng. Người ta thường ưa chuộng trồng hoa hồng anh k&eacute;p hơn so với đơn.&nbsp;</p>\r\n\r\n<p>Mỗi b&ocirc;ng hoa k&eacute;p sẽ c&oacute; từ 3 &ndash; 4 lớp c&aacute;nh hoa được xếp chồng l&ecirc;n nhau. C&aacute;nh hoa c&oacute; m&agrave;u sắc tươi s&aacute;ng, h&igrave;nh d&aacute;ng giống chiếc phễu. Cũng tương tự như c&acirc;y hoa Lan Ho&agrave;ng Dương, hoa Hồng Anh rất th&iacute;ch hợp với gia chủ mệnh Thổ, c&acirc;y gi&uacute;p h&uacute;t vượng kh&iacute; v&agrave; lan tỏa năng lượng t&iacute;ch cực.&nbsp;</p>\r\n\r\n<p><img alt=\"Hồng anh - Hoa leo hàng rào đẹp mắt\" src=\"https://caycanhxanh.vn/wp-content/uploads/2023/03/hong-anh-hoa-leo-hang-rao.jpg\" style=\"height:394px; width:700px\" /></p>\r\n\r\n<p><em>Hồng anh &ndash; Hoa leo h&agrave;ng r&agrave;o đẹp mắt</em></p>\r\n\r\n<h3><strong><em>Thiết kế h&agrave;ng r&agrave;o độc lạ với c&uacute;c chi rủ&nbsp;</em></strong></h3>\r\n\r\n<p>C&uacute;c chi rủ l&agrave; loại c&acirc;y đặc biệt, bởi l&agrave; c&acirc;y &ldquo;chỉ thấy hoa, chứ kh&ocirc;ng thấy l&aacute;&rdquo;. C&uacute;c chi thường nở th&agrave;nh ch&ugrave;m xum xu&ecirc; với m&agrave;u sắc v&agrave;ng tươi mang đến th&ocirc;ng điệp về sự thịnh vượng, sung t&uacute;c cho gia chủ.&nbsp;</p>\r\n\r\n<p>Hương hoa thơm phức, c&acirc;y c&oacute; độ rủ nhẹ mềm mại, dễ trồng v&agrave; rất ph&ugrave; hợp để trang tr&iacute; ban c&ocirc;ng hay l&agrave;m h&agrave;ng r&agrave;o.&nbsp;</p>\r\n\r\n<p><img alt=\"Cúc chi rủ - Mang màu sắc tươi tắn\" src=\"https://caycanhxanh.vn/wp-content/uploads/2023/03/cuc-chi-ru-hang-rao.jpg\" style=\"height:525px; width:700px\" /></p>\r\n\r\n<p><em>C&uacute;c chi rủ &ndash; Mang m&agrave;u sắc tươi tắn</em></p>\r\n\r\n<h3><strong><em>C&acirc;y Sử Qu&acirc;n Tử &ndash; Loại c&acirc;y gi&uacute;p kh&ocirc;ng gian sống th&ecirc;m phần nổi bật&nbsp;</em></strong></h3>\r\n\r\n<p>C&acirc;y Sử Qu&acirc;n Tử hay c&ograve;n được biết đến với nhiều t&ecirc;n gọi như c&acirc;y d&acirc;y giun, c&acirc;y trang leo. L&yacute; giải cho c&aacute;i t&ecirc;n Sử Qu&acirc;n Tử l&agrave; v&igrave; c&acirc;y c&oacute; sức sống m&atilde;nh liệt, chịu được điều kiện thời tiết khắc nghiệt.&nbsp;</p>\r\n\r\n<p>Sử Qu&acirc;n Tử được ưa chuộng trồng trước cửa nh&agrave; hoặc l&agrave;m h&agrave;ng r&agrave;o trang tr&iacute;. V&igrave; n&oacute; c&oacute; khả năng che nắng n&oacute;ng tốt, hoa mọc th&agrave;nh ch&ugrave;m nhiều m&agrave;u sắc đa dạng, hương thơm nhẹ nh&agrave;ng.&nbsp;</p>\r\n\r\n<p>Mẹo nhỏ m&aacute;ch cho bạn trồng c&acirc;y Sử Qu&acirc;n Tử ph&aacute;t triển tốt đ&oacute; l&agrave; n&ecirc;n trồng ngo&agrave;i đất thay v&igrave; trồng chậu, n&ecirc;n chọn c&acirc;y dạng k&eacute;p hơn l&agrave; đơn. Tưới đủ nước 2 lần/ ng&agrave;y để c&acirc;y nhanh leo gi&agrave;n v&agrave; ra hoa.&nbsp;</p>\r\n\r\n<p><img alt=\"Sử quân tử - Cây leo hàng rào hoa thơm\" src=\"https://caycanhxanh.vn/wp-content/uploads/2023/03/su-quan-tu-leo-hang-rao.jpg\" style=\"height:525px; width:700px\" /></p>\r\n\r\n<p><em>Sử qu&acirc;n tử &ndash; C&acirc;y leo h&agrave;ng r&agrave;o hoa thơm</em></p>\r\n\r\n<h3><strong><em>C&acirc;y Nguyệt Quế Leo&nbsp; &ndash; Biểu tượng cho sự thăng tiến, th&agrave;nh c&ocirc;ng trong sự nghiệp&nbsp;</em></strong></h3>\r\n\r\n<p>Nguyệt Quế Leo thường được trồng trước cửa nh&agrave; v&igrave; c&oacute; hương thơm dễ chịu. Đồng thời, n&oacute; c&ograve;n l&agrave; biểu tượng cho sự thăng tiến, th&agrave;nh c&ocirc;ng trong sự nghiệp của gia chủ.&nbsp;</p>\r\n\r\n<p>Bạn c&oacute; thể chọn trồng Nguyệt Quế Leo bằng rất nhiều c&aacute;ch từ gieo hạt, chiết c&agrave;nh cho đến gi&acirc;m c&agrave;nh,&hellip; Trong đ&oacute;, gi&acirc;m v&agrave; chiết l&agrave; 2 phương ph&aacute;p gi&uacute;p c&acirc;y khỏe mạnh, &iacute;t s&acirc;u bệnh v&agrave; nhanh l&ecirc;n gi&agrave;n nhất.&nbsp;</p>\r\n\r\n<p><img alt=\"Nguyệt quế leo - Mang mùi hoa thơm nhẹ nhàng\" src=\"https://caycanhxanh.vn/wp-content/uploads/2023/03/nguyet-que-leo-hang-rao.jpg\" style=\"height:700px; width:700px\" /></p>\r\n\r\n<p><em>Nguyệt quế leo &ndash; Mang m&ugrave;i hoa thơm nhẹ nh&agrave;ng</em></p>\r\n\r\n<h3><strong><em>C&acirc;y Mai Ho&agrave;ng Yến &ndash; Cho kh&ocirc;ng gian sống th&ecirc;m m&agrave;u sắc</em></strong></h3>\r\n\r\n<p>Mai Ho&agrave;ng Yến l&agrave; c&acirc;y hoa c&oacute; vẻ đẹp ki&ecirc;u sa, những ch&ugrave;m hoa nhỏ xinh c&oacute; m&agrave;u v&agrave;ng chanh nhẹ nh&agrave;ng nổi bật tr&ecirc;n nền l&aacute; xanh mướt. Cũng ch&iacute;nh sắc v&agrave;ng của hoa, người ta thường hay nghĩ tới h&igrave;nh ảnh con người vượt kh&oacute; khăn, nghịch cảnh để đạt đến th&agrave;nh c&ocirc;ng.&nbsp;</p>\r\n\r\n<p>Kh&ocirc;ng chỉ t&ocirc; điểm cho kh&ocirc;ng gian, c&acirc;y Mai Ho&agrave;ng Yến c&ograve;n g&oacute;p phần che nắng, giảm nhiệt trong thời điểm m&ugrave;a h&egrave; oi bức. B&ecirc;n cạnh đ&oacute;, c&acirc;y cũng kh&ocirc;ng k&eacute;n đất, kh&ocirc;ng chiếm nhiều diện t&iacute;ch trồng hay tốn qu&aacute; nhiều c&ocirc;ng chăm s&oacute;c.</p>\r\n\r\n<p><img alt=\"Mai hoàng yến - Cây hoa leo hàng rào hoa đẹp\" src=\"https://caycanhxanh.vn/wp-content/uploads/2023/03/mai-hoang-yen-leo-hang-rao.jpg\" style=\"height:525px; width:700px\" /></p>\r\n\r\n<p><em>Mai ho&agrave;ng yến &ndash; C&acirc;y hoa leo h&agrave;ng r&agrave;o hoa đẹp</em></p>\r\n\r\n<h2><strong>Lời kết&nbsp;</strong></h2>\r\n\r\n<p>Tr&ecirc;n đ&acirc;y l&agrave; b&agrave;i viết chia sẻ top 10+ c&aacute;c loại c&acirc;y hoa leo h&agrave;ng r&agrave;o vừa đẹp lại vừa dễ trồng. Kh&ocirc;ng chỉ đ&oacute;ng g&oacute;p mảng xanh, t&aacute;i tạo kh&ocirc;ng kh&iacute; trong l&agrave;nh m&agrave; những loại c&acirc;y n&agrave;y c&ograve;n mang đến may mắn, t&agrave;i lộc cho gia chủ theo &yacute; nghĩa tốt trong phong thủy.&nbsp;</p>', 2, '2023-05-18 13:40:54', '2023-05-18 13:40:54', 0);
INSERT INTO `posts` (`id`, `title`, `image`, `description`, `content`, `user_id`, `created_at`, `updated_at`, `views`) VALUES
(6, 'CÁC LOẠI CÂY CHUỐI CẢNH ĐẸP CHO SÂN VƯỜN VÀ NHÀ CỬA', 'n236Ji9H1SwWD8kyYS6iYNmhBVdem3iQn3JyclV4.jpg', 'Trồng cây chuối cảnh hiện đang dần trở thành xu hướng được nhiều người yêu thích và quan tâm trong thời gian gần đây. Nhu cầu trồng chuối cảnh ngày càng tăng vì các loại cây chuối cảnh không chỉ làm đẹp cho không gian sống gia chủ mà còn mang đến rất nhiề', '<h2><strong>T&iacute;nh ứng dụng của c&acirc;y chuối cảnh&nbsp;</strong></h2>\r\n\r\n<p>Chuối cảnh thuộc loại c&acirc;y trồng s&acirc;n vườn, c&ocirc;ng tr&igrave;nh cảnh quan c&oacute; tuổi thọ cao v&agrave; sống bền vững. Ch&uacute;ng thuộc giống c&acirc;y ưa nắng, c&oacute; l&aacute; đẹp, xanh quanh năm, c&acirc;y ph&aacute;t triển tốt ngay ở những nơi chịu ảnh hưởng bi&ecirc;n độ dao động nhiệt cao. Th&ocirc;ng thường, đối với nh&agrave; phố &ndash; chuối cảnh được nhiều người lựa chọn l&agrave;m c&acirc;y trồng ban c&ocirc;ng, mix c&ugrave;ng những loại c&acirc;y nền, c&acirc;y bụi kh&aacute;c tạo phối cảnh đẹp, cảm gi&aacute;c thoải m&aacute;i, dễ chịu.&nbsp;</p>\r\n\r\n<p>Chuối cảnh được giới chơi c&acirc;y đ&aacute;nh gi&aacute; l&agrave; lo&agrave;i c&acirc;y dễ d&agrave;ng chăm s&oacute;c, lại &iacute;t s&acirc;u bệnh, th&iacute;ch hợp l&agrave;m c&acirc;y trồng s&acirc;n vườn, hoặc c&aacute;c c&ocirc;ng tr&igrave;nh đ&ocirc; thị.&nbsp;<a href=\"https://caycanhxanh.vn/cay-chuoi-canh-dep-trong-san-vuon/\"><strong>C&acirc;y chuối cảnh</strong></a>&nbsp;trồng được l&acirc;u, &iacute;t cần phải quan t&acirc;m chăm s&oacute;c nhiều nhưng vẫn lu&ocirc;n xanh tốt, cho l&aacute; nhiều.&nbsp;</p>\r\n\r\n<p><img alt=\"Cây chuối cảnh trồng sân vườn tạo không gian mát mẻ\" src=\"https://caycanhxanh.vn/wp-content/uploads/2023/03/trang-tri-vuon-bang-chuoi-canh.jpg\" style=\"height:525px; width:700px\" /></p>\r\n\r\n<p><em>C&acirc;y chuối cảnh trồng s&acirc;n vườn tạo kh&ocirc;ng gian m&aacute;t mẻ</em></p>\r\n\r\n<h2><strong>Đặc điểm chung của c&aacute;c giống c&acirc;y chuối cảnh&nbsp;</strong></h2>\r\n\r\n<p>Chuối cảnh tương đối kh&aacute;c biệt so với những loại c&acirc;y cảnh kh&aacute;c, v&igrave; bản th&acirc;n ch&uacute;ng sở hữu những n&eacute;t nổi bật kh&aacute;c như sau:</p>\r\n\r\n<ul>\r\n	<li>Chuối cảnh c&oacute; chiều cao dao động chỉ từ 1m đến 1m2, với c&aacute;c phiến l&aacute; mọc th&agrave;nh từng tầng, tải dọc v&agrave; c&oacute; h&igrave;nh bầu dục. L&aacute; c&oacute; m&agrave;u xanh sẫm, đồng thời ch&uacute;ng đổ dồn về ph&iacute;a trước tạo cảm gi&aacute;c th&iacute;ch mắt.&nbsp;</li>\r\n	<li>Ở phần th&acirc;n c&acirc;y sẽ sở hữu cả th&acirc;n giả v&agrave; th&acirc;n thật. Th&acirc;n thật mọc ở dưới đất, th&acirc;n tr&ecirc;n c&oacute; những bẹ l&aacute; bao bọc v&agrave;o nhau tạo th&agrave;nh th&acirc;n giả. Ch&iacute;nh điều n&agrave;y m&agrave; rất nhiều người đ&atilde; lầm tưởng rằng tất cả đều chung một th&acirc;n v&agrave; coi ch&uacute;ng l&agrave; một.&nbsp;</li>\r\n	<li>K&iacute;ch thước một c&acirc;y chuối cảnh trưởng th&agrave;nh c&oacute; thể dao động từ 2 đến 8m, th&iacute;ch hợp đặt ngo&agrave;i s&acirc;n vườn hoặc trong ph&ograve;ng kh&aacute;ch, ph&ograve;ng l&agrave;m việc. Với vỏ th&acirc;n giả c&oacute; m&agrave;u xanh, trơn non rồi dần sẫm m&agrave;u hơn khi về gi&agrave;. Ở phần đỉnh của th&acirc;n giả sẽ c&oacute; m&agrave;u non hơn, trơn mềm tạo cảm gi&aacute;c độc lạ.</li>\r\n	<li>Hoa chuối cảnh c&oacute; m&agrave;u sắc tươi tắn bao gồm nhiều lớp bọc b&ecirc;n trong. Đồng thời ch&uacute;ng cũng tỏa ra hương thơm dễ chịu v&agrave; trong l&agrave;nh.&nbsp;</li>\r\n</ul>\r\n\r\n<p>Từ những đặc điểm ấy,&nbsp;<strong>c&acirc;y chuối cảnh&nbsp;</strong>mang đến gi&aacute; trị thẩm mỹ cao cho đời sống sinh hoạt của gia chủ sở hữu. Gi&uacute;p trang tr&iacute;, tạo điểm nhấn cho ng&ocirc;i nh&agrave; th&ecirc;m nổi bật v&agrave; cuốn h&uacute;t hơn.&nbsp;</p>\r\n\r\n<p><img alt=\"Chuối cảnh là điểm nhấn đẹp cho ngôi nhà\" src=\"https://caycanhxanh.vn/wp-content/uploads/2023/03/cay-chuoi-canh-de-trong.jpg\" style=\"height:552px; width:700px\" /></p>\r\n\r\n<p><em>Chuối cảnh l&agrave; điểm nhấn đẹp cho ng&ocirc;i nh&agrave;</em></p>\r\n\r\n<h2><strong>Giới thiệu c&aacute;c loại c&acirc;y chuối cảnh đẹp được ưa chuộng hiện nay</strong></h2>\r\n\r\n<p>Hiện nay, tr&ecirc;n thị trường c&oacute; nhiều loại&nbsp;<strong>c&acirc;y chuối cảnh</strong>&nbsp;kh&aacute;c nhau, mỗi loại c&acirc;y đều c&oacute; đặc điểm ri&ecirc;ng v&agrave; ph&ugrave; hợp với nhu cầu của gia chủ.</p>\r\n\r\n<p>Với nhiều loại c&acirc;y chuối cảnh kh&aacute;c nhau, người trồng c&oacute; thể lựa chọn cho m&igrave;nh loại c&acirc;y ph&ugrave; hợp với sở th&iacute;ch v&agrave; nhu cầu trang tr&iacute; của m&igrave;nh. Kh&ocirc;ng chỉ mang đến vẻ đẹp cho kh&ocirc;ng gian sống, c&acirc;y chuối cảnh c&ograve;n gi&uacute;p tạo ra một m&ocirc;i trường sống tốt cho con người bằng c&aacute;ch cung cấp oxy v&agrave; h&uacute;t bụi. Ch&uacute;ng ta c&oacute; thể kể đến những loại c&acirc;y chuối cảnh phổ biến được nhiều người ưa th&iacute;ch như&nbsp;<strong>chuối rẻ quạt, chuối mỏ k&eacute;t, chuối tr&agrave;ng ph&aacute;o, chuối phượng ho&agrave;ng, chuối cần c&acirc;u.&nbsp;</strong>C&ugrave;ng điểm qua một v&agrave;i đặc điểm v&agrave; n&eacute;t đẹp của c&aacute;c lo&agrave;i c&acirc;y&nbsp; n&agrave;y nh&eacute;!</p>\r\n\r\n<h3><strong>C&acirc;y chuối rẻ quạt</strong></h3>\r\n\r\n<p>C&acirc;y chuối rẻ quạt hay c&ograve;n được gọi l&agrave; chuối cọ, l&agrave; một loại c&acirc;y đặc biệt v&agrave; phổ biến. Lo&agrave;i c&acirc;y n&agrave;y c&oacute; t&ecirc;n khoa học l&agrave; Ravenala madagascariensis. Kh&aacute;c với c&aacute;c loại c&acirc;y chuối th&ocirc;ng thường, c&acirc;y chuối rẻ quạt c&oacute; th&acirc;n c&acirc;y c&oacute; h&igrave;nh d&aacute;ng giống như c&acirc;y cọ, với m&agrave;u x&aacute;m n&acirc;u v&agrave; đạt chiều cao l&ecirc;n đến 10 m&eacute;t. Lo&agrave;i c&acirc;y n&agrave;y c&oacute; nhiều chồi non ở gốc c&acirc;y, c&oacute; thể t&aacute;ch ra để nh&acirc;n giống. L&aacute; của c&acirc;y chuối rẻ quạt to, c&oacute; h&igrave;nh dạng gần giống l&aacute; chuối th&ocirc;ng thường nhưng điểm đặc biệt l&agrave; được xếp th&agrave;nh rẻ quạt. Khi l&aacute; rụng sẽ để lại sẹo tr&ecirc;n th&acirc;n c&acirc;y. C&acirc;y chuối rẻ quạt c&oacute; hoa mọc ở n&aacute;ch l&aacute;, c&oacute; m&agrave;u trắng, nhiều mật, h&igrave;nh d&aacute;ng hoa giống như chim thi&ecirc;n đường.&nbsp;</p>\r\n\r\n<p>Loại c&acirc;y n&agrave;y thường được trồng trong chậu để trang tr&iacute; nội thất hoặc ở s&acirc;n vườn của kh&aacute;ch sạn, biệt thự, khu nghỉ dưỡng v&agrave; c&ocirc;ng vi&ecirc;n&hellip;. C&acirc;y chuối rẻ quạt mang đến một vẻ đẹp độc đ&aacute;o v&agrave; tươi mới cho kh&ocirc;ng gian sống của gia chủ.</p>\r\n\r\n<p><img alt=\"Chuối cảnh rẻ quạt trồng trang trí cạnh hồ bơi\" src=\"https://caycanhxanh.vn/wp-content/uploads/2023/03/chuoi-canh-re-quat.jpg\" style=\"height:525px; width:700px\" /></p>\r\n\r\n<p><em>Chuối cảnh rẻ quạt trồng trang tr&iacute; cạnh hồ bơi</em></p>\r\n\r\n<h3><strong>C&acirc;y chuối mỏ k&eacute;t&nbsp;</strong></h3>\r\n\r\n<p>C&acirc;y chuối mỏ k&eacute;t, c&ograve;n được gọi l&agrave; c&acirc;y mỏ k&eacute;t l&aacute; dong, với t&ecirc;n khoa học Heliconia psittacorum, thuộc họ thực vật Heliconiaceae, l&agrave; loại c&acirc;y bụi thưa với th&acirc;n thảo nhỏ, m&agrave;u xanh. C&acirc;y c&oacute; thể ph&aacute;t triển th&agrave;nh nhiều nh&aacute;nh thẳng đứng v&agrave; đạt đến chiều cao tối đa 1.5m. L&aacute; của c&acirc;y chuối mỏ k&eacute;t c&oacute; cuống d&agrave;i, phiến thu&ocirc;n d&agrave;i, gọn hơn v&agrave; nhỏ hơn so với l&aacute; chuối. L&aacute; b&ecirc;n mỗi gốc cuống hoa được gọi l&agrave; l&aacute; bắc v&agrave; hoa được bảo vệ bởi c&aacute;c l&aacute; bắc cứng h&igrave;nh mũi m&aacute;c. Hoa mỏ k&eacute;t c&oacute; nhiều m&agrave;u sắc kh&aacute;c nhau như v&agrave;ng, đỏ, cam, xanh l&aacute; c&acirc;y, hay m&agrave;u hồng, v&agrave; khoe sắc quanh năm.&nbsp;</p>\r\n\r\n<p>Chuối mỏ k&eacute;t được xem l&agrave; biểu tượng của sự tự do, ph&oacute;ng kho&aacute;ng v&agrave; mang lại năng lượng t&iacute;ch cực cho người trồng v&agrave; người nh&igrave;n thấy. Loại c&acirc;y n&agrave;y thường được trồng để trang tr&iacute; cho s&acirc;n vườn, khu du lịch hay vườn hoa.</p>\r\n\r\n<p><img alt=\"Chuối cảnh mỏ két - Trồng nơi mát mẻ, ít ánh nắng được\" src=\"https://caycanhxanh.vn/wp-content/uploads/2023/03/chuoi-canh-mo-ket.jpg\" style=\"height:700px; width:525px\" /></p>\r\n\r\n<p><em>Chuối cảnh mỏ k&eacute;t &ndash; Trồng nơi m&aacute;t mẻ, &iacute;t &aacute;nh nắng được</em></p>\r\n\r\n<p><strong>▶️Chi tiết sản phẩm</strong><em><strong>&nbsp;tại:&nbsp;<a href=\"https://caycanhxanh.vn/cay-mo-ket/\">C&acirc;y mỏ k&eacute;t</a></strong></em></p>\r\n\r\n<h3><strong>Chuối tr&agrave;ng ph&aacute;o</strong></h3>\r\n\r\n<p>C&acirc;y chuối tr&agrave;ng ph&aacute;o l&agrave; một loại c&acirc;y th&acirc;n thảo, sống l&acirc;u năm. Lo&agrave;i c&acirc;y n&agrave;y c&oacute; chiều cao khoảng từ 50-180cm v&agrave; thường mọc th&agrave;nh bụi. L&aacute; của c&acirc;y chuối tr&agrave;ng ph&aacute;o c&oacute; chiều d&agrave;i từ 60-90cm, h&igrave;nh dạng giống l&aacute; chuối th&ocirc;ng thường nhưng c&oacute; m&agrave;u sắc đậm v&agrave; b&oacute;ng hơn. Hoa chuối tr&agrave;ng ph&aacute;o d&agrave;i, c&oacute; m&agrave;u v&agrave;ng, nở quanh năm.&nbsp;</p>\r\n\r\n<p>Trong cuộc sống, c&acirc;y chuối tr&agrave;ng ph&aacute;o c&oacute; t&aacute;c dụng thanh lọc kh&ocirc;ng kh&iacute;, loại bỏ kh&iacute; độc v&agrave; gi&uacute;p tạo kh&ocirc;ng gian sống xanh tươi, sinh động hơn. Ch&iacute;nh v&igrave; điều đ&oacute; m&agrave; lo&agrave;i c&acirc;y n&agrave;y được nhiều người y&ecirc;u th&iacute;ch sử dụng phổ biến l&agrave;m c&acirc;y cảnh trong s&acirc;n vườn v&agrave; khu vực c&ocirc;ng cộng.&nbsp;</p>\r\n\r\n<p><img alt=\"Chuối cảnh tràng pháo - Phát triển nhanh, ra hoa liên tục\" src=\"https://caycanhxanh.vn/wp-content/uploads/2023/03/cay-chuoi-canh-trang-phao.jpg\" style=\"height:525px; width:700px\" /></p>\r\n\r\n<p><em>Chuối cảnh tr&agrave;ng ph&aacute;o &ndash; Ph&aacute;t triển nhanh, ra hoa li&ecirc;n tục</em></p>\r\n\r\n<h3><strong>C&acirc;y chuối phượng ho&agrave;ng</strong></h3>\r\n\r\n<p>C&acirc;y chuối phượng ho&agrave;ng l&agrave; một lo&agrave;i c&acirc;y cảnh c&oacute; th&acirc;n c&acirc;y tương đối nhỏ, thẳng v&agrave; cứng. L&aacute; của lo&agrave;i c&acirc;y n&agrave;y c&oacute; c&aacute;c đặc điểm giống như l&aacute; của c&aacute;c lo&agrave;i chuối th&ocirc;ng thường, mọc xen kẽ nhau v&agrave; c&oacute; k&iacute;ch thước tương đồng với chiều cao của c&acirc;y. Tuy nhi&ecirc;n, l&aacute; c&acirc;y chuối phượng ho&agrave;ng kh&aacute; mỏng v&agrave; kh&ocirc;ng chịu được gi&oacute; mạnh. C&acirc;y chuối phượng ho&agrave;ng c&ograve;n được gọi với t&ecirc;n gọi kh&aacute;c l&agrave; chuối thi&ecirc;n ho&agrave;ng, v&igrave; ch&uacute;ng được coi l&agrave; biểu tượng cho sự quyền lực v&agrave; sang trọng. Sử dụng c&acirc;y n&agrave;y l&agrave;m cảnh trong nh&agrave; hoặc ngo&agrave;i trời c&oacute; thể t&ocirc;n th&ecirc;m vị thế cho gia chủ v&agrave; t&ocirc; điểm th&ecirc;m n&eacute;t đẹp, kh&iacute; chất cho kh&ocirc;ng gian sống.</p>\r\n\r\n<p><img alt=\"Chuối phượng hoàng - Trồng trang trí hành lang sân vườn\" src=\"https://caycanhxanh.vn/wp-content/uploads/2023/03/chuoi-canh-phuong-hoang.jpg\" style=\"height:525px; width:700px\" /></p>\r\n\r\n<p>Chuối phượng ho&agrave;ng &ndash; Trồng trang tr&iacute; h&agrave;nh lang s&acirc;n vườn</p>\r\n\r\n<p>✅Đọc th&ecirc;m:&nbsp;<strong><a href=\"https://caycanhxanh.vn/cay-truc-canh-dep-de-trong/\" target=\"_blank\">Top những loại c&acirc;y tr&uacute;c cảnh được ưa chuộng nhất năm 2023</a></strong></p>\r\n\r\n<h3><strong>C&acirc;y chuối cần c&acirc;u</strong></h3>\r\n\r\n<p>C&acirc;y chuối cần c&acirc;u hay c&ograve;n được biết đến với c&aacute;c t&ecirc;n gọi kh&aacute;c như chuối cần c&acirc;u &ndash; hồng hạc, chuối thủy sinh, hoa m&oacute;c c&acirc;u, huỳnh tinh nước&hellip; Đ&acirc;y l&agrave; một loại c&acirc;y th&acirc;n thảo, thường mọc th&agrave;nh bụi v&agrave; c&oacute; m&agrave;u n&acirc;u t&iacute;m. L&aacute; chuối cần c&acirc;u c&oacute; h&igrave;nh bầu d&agrave;i, thu&ocirc;n v&agrave; c&oacute; đ&aacute;y nhọn th&aacute;p. Hoa c&acirc;y chuối cần c&acirc;u sẽ mang m&agrave;u t&iacute;m, với cuống hoa lớn khoảng 5-20mm v&agrave; t&agrave; m&agrave;u trắng. Quả lo&agrave;i c&acirc;y n&agrave;y c&oacute; h&igrave;nh cần c&acirc;u độc đ&aacute;o, với k&iacute;ch thước khoảng 1cm cho mỗi quả.&nbsp;</p>\r\n\r\n<p>Trong tự nhi&ecirc;n, lo&agrave;i c&acirc;y n&agrave;y c&ograve;n c&oacute; t&aacute;c dụng lọc tạp chất từ nước v&agrave; chặn c&aacute;c vật cản. Chuối cần c&acirc;u l&agrave; loại c&acirc;y cảnh rất dễ trồng v&agrave; dễ chăm s&oacute;c. Loại c&acirc;y n&agrave;y thường được trang tr&iacute; trong nội thất v&agrave; c&aacute;c c&ocirc;ng tr&igrave;nh đẹp. Ngo&agrave;i ra, c&acirc;y cũng c&oacute; thể được trồng trong c&aacute;c chậu hoặc đặt tr&ecirc;n ban c&ocirc;ng do ch&uacute;ng th&iacute;ch nghi với &aacute;nh nắng tốt.</p>\r\n\r\n<h2><strong>&Yacute; nghĩa c&acirc;y chuối cảnh trong đời sống con người</strong></h2>\r\n\r\n<p>Kh&ocirc;ng chỉ sở hữu vẻ ngo&agrave;i&nbsp; sang trọng v&agrave; độc đ&aacute;o,&nbsp;<strong>c&acirc;y chuối cảnh&nbsp;</strong>c&ograve;n mang đến rất nhiều &yacute; nghĩa to lớn trong đời sống con người khi trồng trong khu&ocirc;n vi&ecirc;n nh&agrave;. Ngo&agrave;i việc gi&uacute;p mang lại nhiều điều may mắn, ch&uacute;ng c&ograve;n ngăn chặn t&agrave; kh&iacute; v&agrave; những vận xui x&acirc;m nhập. Do vậy, khi gia chủ sở hữu chuối cảnh cơ hội th&agrave;nh c&ocirc;ng sẽ đến cao hơn trong tương lai.&nbsp;</p>\r\n\r\n<p>Đặc biệt, trong quan niệm trong d&acirc;n gian ta c&oacute; c&acirc;u: &ldquo; cau sau, chuối trước &rdquo;,cho n&ecirc;n &yacute; nghĩa chuối cảnh trong phong thủy l&agrave; rất lớn, việc trồng chuối trước nh&agrave; gi&uacute;p sinh kh&iacute; được c&acirc;n bằng, cuộc sống gia chủ an nhi&ecirc;n v&agrave; hạnh ph&uacute;c hơn.&nbsp;</p>\r\n\r\n<p>Song song đ&oacute; l&agrave; m&agrave;u xanh mướt của chuối, với kh&iacute; chất vời vợi cũng l&agrave; yếu tố ch&iacute;nh gi&uacute;p th&uacute;c đẩy t&agrave;i lộc v&agrave; thịnh vượng v&agrave;o nh&agrave;. T&aacute;n l&aacute; to v&agrave; rộng như những c&aacute;nh tay &ocirc;m lấy &ldquo; vượng kh&iacute; &rdquo;, n&iacute;u giữ khoảnh khắc tuyệt vời trong kh&ocirc;ng gian sống động của gia đ&igrave;nh.&nbsp;</p>\r\n\r\n<p><img alt=\"Được trồng ở ban công - Che nắng và đem lại vượng khí cho ngôi nhà\" src=\"https://caycanhxanh.vn/wp-content/uploads/2023/03/chuoi-canh-trang-tri-ban-cong.jpg\" style=\"height:525px; width:700px\" /></p>\r\n\r\n<p><em>Được trồng ở ban c&ocirc;ng &ndash; Che nắng v&agrave; đem lại vượng kh&iacute; cho ng&ocirc;i nh&agrave;</em></p>\r\n\r\n<h2><strong>Hướng dẫn c&aacute;ch chăm s&oacute;c chuối cảnh đ&uacute;ng c&aacute;ch</strong></h2>\r\n\r\n<p>Đối với từng giống chuối cảnh, sẽ c&oacute; những lưu &yacute; về c&aacute;ch chăm s&oacute;c kh&aacute;c nhau. Nhưng nh&igrave;n chung, cơ bản để chuối cảnh lu&ocirc;n được đẹp v&agrave; xanh mướt th&igrave; người trồng n&ecirc;n ch&uacute; &yacute; những điều sau.&nbsp;</p>\r\n\r\n<ul>\r\n	<li>Về &aacute;nh s&aacute;ng: V&igrave; chuối cảnh thuộc c&acirc;y ưa nắng, n&ecirc;n nếu trồng được c&acirc;y ở những nơi ch&uacute;ng c&oacute; thể đ&oacute;n &aacute;nh s&aacute;ng dễ d&agrave;ng th&igrave; c&acirc;y sẽ xanh b&oacute;ng, cho hoa nhiều v&agrave; đẹp hơn. C&ograve;n trồng trong b&oacute;ng r&acirc;m, &iacute;t nắng ch&uacute;ng sẽ bị cớm, kh&oacute; ph&aacute;t triển.&nbsp;</li>\r\n	<li>Về đất trồng: Chuối cảnh dễ trồng n&ecirc;n kh&ocirc;ng k&eacute;n đất. Muốn c&acirc;y được đẹp n&ecirc;n chọn đất tơi xốp, đủ chất dinh dưỡng v&agrave; đặc biệt tr&aacute;nh ngập &uacute;ng khiến c&acirc;y nhanh hỏng rễ, v&agrave;ng l&aacute;, chết nhanh.&nbsp;</li>\r\n	<li>Cắt tỉa, tạo cảnh:&nbsp; Để đảm bảo t&iacute;nh thẩm mỹ, cũng như gi&uacute;p c&acirc;y tập trung được c&aacute;c chất dinh dưỡng để ph&aacute;t triển, ta n&ecirc;n cắt tỉa bỏ c&agrave;nh kh&ocirc;, l&aacute; &uacute;a thường xuy&ecirc;n.&nbsp;</li>\r\n	<li>Về ph&acirc;n b&oacute;n: N&ecirc;n sử dụng loại ph&acirc;n b&oacute;n hữu cơ để đảm bảo kh&ocirc;ng bị x&oacute;t c&acirc;y, gi&uacute;p cải tạo đất trồng tốt hơn v&agrave; đủ lượng đất cho c&acirc;y ph&aacute;t triển.&nbsp;</li>\r\n</ul>\r\n\r\n<p>✅Đọc th&ecirc;m:&nbsp;<strong><a href=\"https://caycanhxanh.vn/cay-trang-tri-quan-cafe/\" target=\"_blank\">Top 12 loại c&acirc;y trang tr&iacute; qu&aacute;n cafe gi&uacute;p lộc l&aacute; kinh doanh lu&ocirc;n đầy ắp</a></strong></p>\r\n\r\n<h2><strong>Địa chỉ b&aacute;n chuối cảnh v&agrave; gi&aacute; b&aacute;n uy t&iacute;n nhất hiện nay</strong></h2>\r\n\r\n<p>Nếu mọi người đang c&oacute; nhu cầu t&igrave;m mua chuối cảnh để trang tr&iacute; s&acirc;n vườn nh&agrave; m&igrave;nh, mọi người c&oacute; thể chủ động li&ecirc;n hệ với&nbsp;<strong>C&acirc;y Cảnh Xanh</strong>&nbsp;qua HOTLINE/ZALO:&nbsp;<strong><em>0944 181991</em></strong>&nbsp;ngay nh&eacute;! Tại đ&acirc;y chuy&ecirc;n cung cấp c&aacute;c loại c&acirc;y cảnh đảm bảo chất lượng v&agrave; gi&aacute; th&agrave;nh cạnh tranh, hợp l&yacute; nhất tr&ecirc;n thị trường hiện nay.&nbsp;<strong>C&acirc;y Cảnh Xanh</strong>&nbsp;cam kết sẽ mang đến cho kh&aacute;ch h&agrave;ng những trải nghiệm tốt nhất.&nbsp;</p>\r\n\r\n<p>Với gi&aacute; b&aacute;n chuối cảnh hiện nay thường sẽ dao động từ khoảng v&agrave;i trăm đến v&agrave;i triệu đồng t&ugrave;y v&agrave;o từng loại c&acirc;y v&agrave; k&iacute;ch thước của ch&uacute;ng. Đối với những&nbsp;<strong>c&acirc;y chuối cảnh</strong>&nbsp;c&oacute; k&iacute;ch thước nhỏ gi&aacute; dao động từ v&agrave;i trăm ng&agrave;n đồng, trong khi chuối cảnh lớn v&agrave; đẹp m&atilde; hơn c&oacute; thể c&oacute; gi&aacute; v&agrave;i triệu.&nbsp;</p>', 2, '2023-05-18 13:41:30', '2023-05-18 13:41:30', 0),
(7, 'Ý NGHĨA CÁC LOÀI HOA CẢNH ĐẸP NHẤT TRONG CUỘC SỐNG HIỆN NAY', 'NcbeZd5SWPuezpQkR8wraD0gghEN0Bis6X9OBLWD.jpg', 'Từ xa xưa, việc trồng hoa vốn được nhiều người yêu thích bởi hoa là biểu tượng của cái đẹp, của sự thuần khiết và tinh khôi. Khi ngắm hoa, con người thường có cảm giác dễ chịu và kích thích không chỉ bởi vẻ đẹp bên ngoài và còn về mùi hương nhẹ nhàng. Tro', '<h2><strong>T&igrave;m hiểu chung về c&aacute;c lo&agrave;i hoa cảnh hiện nay</strong></h2>\r\n\r\n<p>Ch&uacute;ng ta thường hay trao nhau những b&ocirc;ng hoa như một biểu tượng của sự l&atilde;ng mạn, t&igrave;nh y&ecirc;u, lời ch&uacute;c tốt l&agrave;nh hoặc c&oacute; những người muốn trồng hoa trong khu vực m&igrave;nh sinh sống để tận hưởng kh&ocirc;ng gian l&atilde;ng mạn v&agrave; thư th&aacute;i hay muốn tự tay d&agrave;nh tặng cho những người th&acirc;n y&ecirc;u những b&ocirc;ng hoa đẹp nhất do bản th&acirc;n chăm s&oacute;c m&agrave; kh&ocirc;ng hề hay biết&nbsp;<a href=\"https://caycanhxanh.vn/y-nghia-cac-loai-hoa-dep/\"><strong>&yacute; nghĩa c&aacute;c lo&agrave;i hoa</strong></a>&nbsp;n&agrave;y như n&agrave;o, c&aacute;ch trồng v&agrave; nu&ocirc;i dưỡng ra sao.&nbsp;</p>\r\n\r\n<p>H&atilde;y c&ugrave;ng ch&uacute; &yacute; phần dưới đ&acirc;y để hiểu r&otilde; hơn nh&eacute;!</p>\r\n\r\n<h2><strong>&Yacute; nghĩa của c&aacute;c lo&agrave;i hoa&nbsp;cảnh l&agrave;m đẹp hiện nay</strong></h2>\r\n\r\n<p><strong>C&aacute;c lo&agrave;i hoa&nbsp;</strong>c&oacute; rất nhiều &yacute; nghĩa trong cuộc sống v&agrave; trong phong thủy. Mời c&aacute;c bạn c&ugrave;ng t&igrave;m hiểu<strong>&nbsp;&yacute; nghĩa</strong>&nbsp;<strong>c&aacute;c lo&agrave;i hoa</strong>&nbsp;cảnh nh&eacute;!</p>\r\n\r\n<h3><strong>&Yacute; nghĩa của c&aacute;c lo&agrave;i hoa trong cuộc sống</strong></h3>\r\n\r\n<p>Việc trồng c&aacute;c loại hoa tạo sự gần gũi giữa con người v&agrave; thi&ecirc;n nhi&ecirc;n, đồng thời l&agrave;m cho căn ph&ograve;ng trở n&ecirc;n đẹp v&agrave; m&aacute;t mẻ hơn, cải thiện chất lượng kh&ocirc;ng kh&iacute; bằng c&aacute;ch trồng c&acirc;y, điều h&ograve;a độ ẩm v&agrave; lọc bụi.</p>\r\n\r\n<p>Trồng v&agrave; chăm s&oacute;c c&acirc;y cảnh, c&aacute;c lo&agrave;i hoa trang tr&iacute; cũng c&oacute; thể gi&uacute;p giải tỏa căng thẳng v&agrave; mệt mỏi sau một ng&agrave;y l&agrave;m việc hay học tập vất vả. Ngo&agrave;i ra, nghề trồng hoa v&agrave; c&acirc;y cảnh c&ograve;n c&oacute; thể mang lại thu nhập cho gia đ&igrave;nh.</p>\r\n\r\n<p>Truyền thống của người phương Đ&ocirc;ng đ&atilde; sử dụng c&acirc;y cảnh để cải thiện vượng kh&iacute; cho gia đ&igrave;nh trong nhiều thế kỷ.</p>\r\n\r\n<h3><strong>&Yacute; nghĩa c&aacute;c lo&agrave;i hoa theo m&agrave;u sắc</strong></h3>\r\n\r\n<ul>\r\n	<li>C&aacute;c lo&agrave;i hoa m&agrave;u trắng thường mang &yacute; nghĩa về tinh khiết, sự trong s&aacute;ng v&agrave; t&ocirc;n k&iacute;nh. Đ&acirc;y cũng c&oacute; thể l&agrave; một biểu tượng cho sự khởi đầu mới mẻ.</li>\r\n	<li>Hoa m&agrave;u đỏ thường được xem như một biểu tượng cho t&igrave;nh y&ecirc;u v&agrave; l&agrave; lời tỏ t&igrave;nh của c&aacute;c cặp đ&ocirc;i d&agrave;nh cho nhau. Những loại hoa m&agrave;u đỏ đậm, thẫm thường được d&ugrave;ng để biểu thị sự tang t&oacute;c hoặc đau thương.</li>\r\n	<li>Hoa m&agrave;u hồng thường được li&ecirc;n kết với sự hạnh ph&uacute;c, sự dịu d&agrave;ng v&agrave; t&igrave;nh y&ecirc;u thương. Hoa m&agrave;u v&agrave;ng c&oacute; thể thể hiện sự ghen tu&ocirc;ng, đố kỵ, nhưng đồng thời cũng tượng trưng cho sự nhiệt huyết v&agrave; tr&agrave;n đầy năng lượng sống.</li>\r\n	<li>Hoa m&agrave;u cam thường mang &yacute; nghĩa về sự kh&aacute;t khao, mong muốn v&agrave; nhiệt huyết. Trong khi đ&oacute;, hoa m&agrave;u t&iacute;m thường được li&ecirc;n kết với sự ch&acirc;n th&agrave;nh, trung th&agrave;nh v&agrave; thủy chung.</li>\r\n</ul>\r\n\r\n<h3><strong>&Yacute; nghĩa của c&aacute;c lo&agrave;i hoa trong phong thủy</strong></h3>\r\n\r\n<p>Hoa l&agrave; một biểu tượng kh&ocirc;ng thể thiếu trong nghệ thuật trang tr&iacute;, tạo điểm nhấn cho kh&ocirc;ng gian sống. Tuy nhi&ecirc;n, n&oacute; c&ograve;n mang &yacute; nghĩa phong thủy s&acirc;u sắc, gi&uacute;p tạo ra một m&ocirc;i trường sống t&iacute;ch cực v&agrave; đem lại may mắn cho gia chủ.</p>\r\n\r\n<p>Theo thuật phong thủy cổ xưa, c&aacute;c lo&agrave;i hoa c&oacute; thể tăng cường năng lượng tốt cho ng&ocirc;i nh&agrave; v&agrave; gia chủ. Để &aacute;p dụng phong thủy cho việc trang tr&iacute; hoa, bạn cần lựa chọn đ&uacute;ng loại hoa, m&agrave;u sắc v&agrave; số lượng ph&ugrave; hợp. Dưới đ&acirc;y l&agrave; 6 loại hoa đẹp v&agrave; mang &yacute; nghĩa rất t&iacute;ch cực trong phong thủy:</p>\r\n\r\n<p><img alt=\"Ý nghĩa các loài hoa trong cuộc sống\" src=\"https://caycanhxanh.vn/wp-content/uploads/2023/03/y-nghia-cac-loai-hoa.jpg\" style=\"height:600px; width:800px\" /></p>\r\n\r\n<p><em>&Yacute; nghĩa c&aacute;c lo&agrave;i hoa trong cuộc sống</em></p>\r\n\r\n<h2><strong>Top những lo&agrave;i hoa cảnh được nhiều người ưa chuộng nhất năm 2023</strong></h2>\r\n\r\n<p>Th&uacute; chơi hoa từ l&acirc;u đ&atilde; được xem như một n&eacute;t đẹp văn h&oacute;a d&acirc;n gian của d&acirc;n tộc ta từ rất l&acirc;u đời. Những c&agrave;nh hoa tươi thắm mang lại một kh&ocirc;ng gian sống tươi mới m&agrave;u sắc v&agrave; rực rỡ. Ch&uacute;ng g&oacute;p phần mang đến sự b&igrave;nh y&ecirc;n, h&agrave;i hoa trong đời sống con người. Sau đ&acirc;y l&agrave; top những loại hoa phổ biến v&agrave; được ưa chuộng nhất trong năm 2023.</p>\r\n\r\n<h3><strong>Hoa hồng</strong></h3>\r\n\r\n<p>Với h&igrave;nh d&aacute;ng v&agrave; hương thơm nổi bật, hoa hồng được coi l&agrave; một trong những lo&agrave;i hoa đẹp nhất. N&oacute; được mệnh danh l&agrave; nữ ho&agrave;ng hoa của thế giới hoa v&agrave; l&agrave; biểu tượng của t&igrave;nh y&ecirc;u tr&ecirc;n to&agrave;n thế giới, cả trong nước v&agrave; quốc tế. L&aacute; hoa c&oacute; nhiều răng cưa nhỏ xung quanh l&aacute; con v&agrave; t&ugrave;y thuộc v&agrave;o loại, l&aacute; c&oacute; m&agrave;u xanh đậm hay nhạt v&agrave; răng cưa n&ocirc;ng hay s&acirc;u.</p>\r\n\r\n<p>Hoa hồng c&oacute; m&ugrave;i thơm dịu nhẹ đặc trưng chỉ d&agrave;nh ri&ecirc;ng cho n&oacute; v&agrave; lan tỏa thoang thoảng trong kh&ocirc;ng gian. C&aacute;nh hoa mềm, mỏng n&ecirc;n rất dễ bị dập n&aacute;t. N&oacute; c&oacute; đa dạng m&agrave;u sắc như hồng, trắng, v&agrave;ng v&agrave; đỏ, v&agrave; đế hoa h&igrave;nh ch&eacute;n, với quả bế tụ nhau trong đế hoa tạo n&ecirc;n một h&igrave;nh ảnh đẹp mắt.</p>\r\n\r\n<p><img alt=\"Hoa hồng - Mệnh danh là nữ hoàng các loài hoa\" src=\"https://caycanhxanh.vn/wp-content/uploads/2023/03/y-nghia-hoa-hong.jpg\" style=\"height:800px; width:800px\" /></p>\r\n\r\n<p><em>Hoa hồng &ndash; Mệnh danh l&agrave; nữ ho&agrave;ng c&aacute;c lo&agrave;i hoa</em></p>\r\n\r\n<h3><strong>Hoa mười giờ</strong></h3>\r\n\r\n<p><a href=\"https://caycanhxanh.vn/cay-hoa-muoi-gio/\"><strong>Hoa Mười Giờ</strong></a>&nbsp;l&agrave; một loại hoa dễ trồng v&agrave; c&oacute; nhiều ưu điểm. C&acirc;y thuộc dạng th&acirc;n thảo, mọng nước v&agrave; chiều cao trung b&igrave;nh từ 10-30cm, th&acirc;n c&acirc;y c&oacute; m&agrave;u hồng nhạt v&agrave; l&aacute; c&acirc;y m&agrave;u xanh nhạt, nhỏ, h&igrave;nh l&ocirc;ng chim v&agrave; kh&ocirc;ng c&oacute; răng cưa. Hoa thường mọc ở đầu ngọn v&agrave; n&aacute;ch l&aacute;, với c&aacute;nh hoa mềm mại c&oacute; m&agrave;u sắc kh&aacute;c nhau như hồng, v&agrave;ng, trắng, đỏ, v&agrave; nở rộ v&agrave;o khoảng 10 giờ s&aacute;ng.&nbsp;</p>\r\n\r\n<p>Tuy nhi&ecirc;n, với lợi thế dễ trồng v&agrave; &iacute;t c&ocirc;ng chăm s&oacute;c, c&acirc;y vẫn đ&ograve;i hỏi một nơi c&oacute; &aacute;nh s&aacute;ng trực tiếp để ph&aacute;t triển tốt nhất. Do đ&oacute;, bạn c&oacute; thể đặt c&acirc;y ở những vị tr&iacute; ph&ugrave; hợp như s&acirc;n thượng, ban c&ocirc;ng hay s&acirc;n vườn để tận hưởng vẻ đẹp v&agrave; lợi &iacute;ch của Hoa Mười Giờ.</p>\r\n\r\n<p><img alt=\"Hoa mười giờ - Mang những bông hoa tươi đẹp\" src=\"https://caycanhxanh.vn/wp-content/uploads/2023/03/y-nghia-loai-hoa-muoi-gio.jpg\" style=\"height:800px; width:600px\" /></p>\r\n\r\n<p><em>Hoa mười giờ &ndash; Mang những b&ocirc;ng hoa tươi đẹp</em></p>\r\n\r\n<h3><strong>Hoa mẫu đơn</strong></h3>\r\n\r\n<p>Hoa mẫu đơn c&oacute; nhiều t&ecirc;n gọi kh&aacute;c nhau như giống hoa mẫu đơn Việt Nam hay t&ecirc;n khoa học Ixora Coccinea, v&agrave; thuộc họ Thiến Thảo (Rubiaceae). Đ&acirc;y l&agrave; một loại c&acirc;y th&acirc;n thảo sống l&acirc;u năm, c&oacute; thể cao đến 3,5m. Rễ c&acirc;y mập nhỏ dần về ph&iacute;a ch&oacute;p hoặc c&oacute; dạng củ, l&aacute; c&acirc;y mọc c&aacute;ch v&agrave; thuộc dạng l&aacute; k&eacute;p. Hoa mẫu đơn thường mọc đơn độc ở đầu c&agrave;nh v&agrave; quả của c&acirc;y thường c&oacute; m&agrave;u đen, tuy nhi&ecirc;n c&acirc;y lại rất &iacute;t khi ra tr&aacute;i.&nbsp;</p>\r\n\r\n<p>Theo quan niệm, hoa mẫu đơn biểu tượng cho sự gi&agrave;u c&oacute;, thịnh vượng, sắc đẹp v&agrave; tr&iacute; tuệ. Nếu trồng c&acirc;y hoa mẫu đơn quanh nh&agrave; v&agrave;o dịp đầu năm theo Phong thủy, sẽ mang lại may mắn, t&agrave;i lộc cho cả gia đ&igrave;nh. Đồng thời, nếu đeo v&ograve;ng cổ hay v&ograve;ng tay kết bằng hạt mẫu đơn, người đ&oacute; sẽ tr&aacute;nh được t&agrave; kh&iacute; v&agrave; đ&oacute;ng vai tr&ograve; như một b&ugrave;a hộ mệnh bảo vệ bản th&acirc;n.</p>\r\n\r\n<p><img alt=\"Hoa mẫu đơn mang bông hoa đem lại may mắn\" src=\"https://caycanhxanh.vn/wp-content/uploads/2023/03/y-nghia-hoa-mau-don.jpg\" style=\"height:800px; width:600px\" /></p>\r\n\r\n<p><em>Hoa mẫu đơn mang b&ocirc;ng hoa đem lại may mắn</em></p>\r\n\r\n<h3><strong>Hoa ban T&acirc;y Bắc</strong></h3>\r\n\r\n<p><a href=\"https://caycanhxanh.vn/cay-hoa-ban/\"><strong>Hoa ban T&acirc;y Bắc</strong></a>&nbsp;c&oacute; vẻ đẹp đặc trưng với sắc trắng tinh kh&ocirc;i hoặc đỏ đậm t&iacute;m, trổ b&ocirc;ng nơi rừng rậm. Hiện nay, hoa ban T&acirc;y Bắc được trồng để trang tr&iacute; trong c&aacute;c c&ocirc;ng tr&igrave;nh, tạo kh&ocirc;ng gian tự nhi&ecirc;n v&agrave; đẹp mắt cho mọi người. Tuy nhi&ecirc;n, v&igrave; c&oacute; nhiều lo&agrave;i hoa tương tự kh&aacute;c n&ecirc;n việc nhận diện hoa ban T&acirc;y Bắc đ&ocirc;i khi kh&ocirc;ng dễ d&agrave;ng.&nbsp;</p>\r\n\r\n<p>Hoa ban T&acirc;y Bắc mang một hương thơm nhẹ v&agrave; vị đắng nhẹ, hậu ngọt. C&aacute;nh hoa được sử dụng trong nhiều m&oacute;n ăn d&acirc;n d&atilde; của người T&acirc;y Bắc như nộm hoặc canh, mang lại hương vị đặc trưng m&agrave; kh&oacute; c&oacute; thể nhầm lẫn với c&aacute;c m&oacute;n ăn kh&aacute;c. Ngo&agrave;i gi&aacute; trị về thẩm mỹ v&agrave; ẩm thực, hoa ban T&acirc;y Bắc c&ograve;n c&oacute; gi&aacute; trị trong lĩnh vực y học. Vỏ c&acirc;y được sử dụng để l&agrave;m thuốc h&agrave;n vết thương v&agrave; chữa một số bệnh ngo&agrave;i da, lo&eacute;t v&agrave; tr&agrave;ng nhạc.</p>\r\n\r\n<p><img alt=\"Hoa ban nở vào những ngày đầu Xuân\" src=\"https://caycanhxanh.vn/wp-content/uploads/2023/03/y-nghia-hoa-ban-tay-bac.jpg\" style=\"height:800px; width:800px\" /></p>\r\n\r\n<p><em>Hoa ban nở v&agrave;o những ng&agrave;y đầu Xu&acirc;n</em></p>\r\n\r\n<h3><strong>Hoa lan</strong></h3>\r\n\r\n<p>Hoa lan l&agrave; lo&agrave;i sống phụ b&aacute;m, treo lơ lửng tr&ecirc;n c&aacute;c c&acirc;y th&acirc;n gỗ kh&aacute;c. L&aacute; của lo&agrave;i hoa n&agrave;y c&oacute; nhiều h&igrave;nh dạng kh&aacute;c nhau, từ loại l&aacute; mọng nước đến loại l&aacute; phiến mỏng. Hoa lan c&oacute; 6 c&aacute;nh hoa, trong đ&oacute; 3 c&aacute;nh ngo&agrave;i c&ugrave;ng l&agrave; 3 c&aacute;nh đ&agrave;i với m&agrave;u sắc v&agrave; k&iacute;ch thước giống nhau.</p>\r\n\r\n<p>Hoa lan l&agrave; biểu tượng của t&igrave;nh y&ecirc;u son sắt v&agrave; trung th&agrave;nh, khi ai đ&oacute; tặng bạn một b&oacute; hoa lan tươi thắm, nghĩa l&agrave; họ muốn gửi đến bạn những lời y&ecirc;u thương ch&acirc;n th&agrave;nh v&agrave; dạt d&agrave;o. Lo&agrave;i hoa n&agrave;y c&ograve;n được coi l&agrave; một lời khen ngợi cho tr&iacute; tuệ th&ocirc;ng minh, tấm l&ograve;ng thiện lương thuần khiết v&agrave; tấm l&ograve;ng đầy đ&ocirc;n hậu của người nhận. Với những &yacute; nghĩa tinh tế v&agrave; đẹp đẽ như vậy, kh&ocirc;ng c&oacute; g&igrave; ngạc nhi&ecirc;n khi hoa lan trở th&agrave;nh một trong những lo&agrave;i hoa được y&ecirc;u th&iacute;ch nhất trong c&aacute;c dịp lễ t&igrave;nh nh&acirc;n, đ&aacute;m cưới, hay c&aacute;c sự kiện quan trọng kh&aacute;c.</p>\r\n\r\n<p><img alt=\"Hoa Lan biểu tượng tình yêu son sắt và trung thành\" src=\"https://caycanhxanh.vn/wp-content/uploads/2023/03/y-nghia-hoa-lan.jpg\" style=\"height:800px; width:800px\" /></p>\r\n\r\n<p><em>Hoa Lan biểu tượng t&igrave;nh y&ecirc;u son sắt v&agrave; trung th&agrave;nh</em></p>\r\n\r\n<h3><strong>Hoa ly</strong></h3>\r\n\r\n<p>C&acirc;y hoa Lily c&ograve;n được gọi l&agrave; hoa ly, b&aacute;ch hợp v&agrave; hoa loa k&egrave;n, l&agrave; một trong những lo&agrave;i hoa được y&ecirc;u th&iacute;ch nhất tr&ecirc;n to&agrave;n thế giới. Lo&agrave;i hoa n&agrave;y l&agrave; thực vật th&acirc;n thảo v&agrave; l&agrave; c&acirc;y cảnh hoa. Hoa Lily c&oacute; thể được trồng ngo&agrave;i trời hoặc trong m&ocirc;i trường b&oacute;ng r&acirc;m v&agrave; ph&aacute;t triển rất tốt.</p>\r\n\r\n<p>Hoa Lily mang trong m&igrave;nh nhiều &yacute; nghĩa v&agrave; được xem như một lo&agrave;i hoa qu&yacute; ph&aacute;i v&agrave; thanh cao. N&oacute; tượng trưng cho sắc đẹp, đức hạnh, t&igrave;nh y&ecirc;u cao thượng v&agrave; sự ki&ecirc;u h&atilde;nh. V&igrave; vậy, hoa Lily kh&ocirc;ng chỉ ph&ugrave; hợp để tặng cho mẹ, người y&ecirc;u m&agrave; c&ograve;n rất th&iacute;ch hợp trong c&aacute;c dịp ch&uacute;c mừng, tốt nghiệp, khai trương. B&ocirc;ng hoa Lily trắng đặc biệt tượng trưng cho sự chung thủy trong t&igrave;nh y&ecirc;u v&agrave; đặc biệt l&agrave; sự trong trắng của người phụ nữ.&nbsp;</p>\r\n\r\n<p><img alt=\"Hoa Ly - Đại diện cho tình yêu cao thượng và sự kiêu hãnh\" src=\"https://caycanhxanh.vn/wp-content/uploads/2023/03/y-nghia-hoa-ly.jpg\" style=\"height:800px; width:600px\" /></p>\r\n\r\n<p><em>Hoa Ly &ndash; Đại diện cho t&igrave;nh y&ecirc;u cao thượng v&agrave; sự ki&ecirc;u h&atilde;nh</em></p>\r\n\r\n<h2><strong>Hướng dẫn c&aacute;ch chăm s&oacute;c c&aacute;c loại c&acirc;y trồng trong nh&agrave; lu&ocirc;n tươi tốt</strong></h2>\r\n\r\n<p>Những loại hoa được trồng trong nh&agrave; đều rất dễ chăm s&oacute;c. Để c&acirc;y hoa ph&aacute;t triển tốt nhất, bạn n&ecirc;n đặt ch&uacute;ng ở những khu vực c&oacute; &aacute;nh s&aacute;ng tự nhi&ecirc;n như cửa sổ. Nếu c&acirc;y được đặt ho&agrave;n to&agrave;n trong b&oacute;ng r&acirc;m, h&atilde;y đặt ch&uacute;ng ra ngo&agrave;i &aacute;nh s&aacute;ng thỉnh thoảng để c&acirc;y c&oacute; thể quang hợp tự nhi&ecirc;n v&agrave; hấp thu dưỡng chất tốt hơn.</p>\r\n\r\n<p>Đối với những loại hoa c&oacute; khả năng chịu hạn tốt, bạn kh&ocirc;ng cần phải tưới nước nhiều. Bạn n&ecirc;n tưới c&acirc;y c&aacute;ch ng&agrave;y hoặc khoảng 2 lần/tuần với lượng nước vừa đủ để cấp ẩm cho đất. Trong những m&ugrave;a mưa lạnh, nhiệt độ kh&ocirc;ng kh&iacute; thấp, chỉ cần tưới cho c&acirc;y khoảng 1 th&aacute;ng/lần.</p>\r\n\r\n<p>Tuy nhi&ecirc;n, mỗi loại hoa cũng c&oacute; y&ecirc;u cầu chăm s&oacute;c kh&aacute;c nhau. Khi mua một loại c&acirc;y mới, bạn c&oacute; thể hỏi th&ecirc;m ở cửa h&agrave;ng hoặc t&igrave;m kiếm th&ocirc;ng tin tr&ecirc;n mạng để biết r&otilde; hơn về c&aacute;ch chăm s&oacute;c v&agrave; đ&aacute;p ứng nhu cầu của c&acirc;y.</p>', 2, '2023-05-18 13:42:04', '2023-12-23 13:29:03', 2);
INSERT INTO `posts` (`id`, `title`, `image`, `description`, `content`, `user_id`, `created_at`, `updated_at`, `views`) VALUES
(8, 'TẾT TRỒNG CÂY GÌ TRONG NHÀ ĐỂ ĐÓN VỀ TÀI LỘC CHO GIA CHỦ', 'VI5Btn7seATUhYkBBSC36zFs5AqHUuEvJcfNYZMT.jpg', 'Năm mới Tết đến, nhà nhà đều sắm sửa cho gia đình những chậu cây, chậu hoa trang trí thêm cho ngôi nhà mình thêm lung linh để hòa cùng không khí vui tươi đầu năm. Vậy làm sao để chọn được loại cây cảnh giúp mang đến may mắn và tài lộc, kích thích vượng kh', '<h2><strong>&Yacute; nghĩa của những lo&agrave;i hoa v&agrave; c&acirc;y cảnh trong ng&agrave;y Tết</strong></h2>\r\n\r\n<p>Một thứ chưa bao giờ thiếu trong mỗi gia đ&igrave;nh người Việt ng&agrave;y đầu năm l&agrave; những chậu c&acirc;y hoa v&agrave; c&acirc;y cảnh. Ch&uacute;ng kh&ocirc;ng chỉ gi&uacute;p mang đến một kh&ocirc;ng kh&iacute; ấm &aacute;p, đại diện của m&ugrave;a xu&acirc;n, của ng&agrave;y Tết m&agrave; c&ograve;n l&agrave; biểu tượng mang đến may mắn, tiền t&agrave;i, ph&uacute;c lộc cho gia chủ đầu năm mới.</p>\r\n\r\n<p>Với mỗi một loại hoa, một loại c&acirc;y cảnh ch&uacute;ng sẽ đều c&oacute; &yacute; nghĩa kh&aacute;c nhau v&agrave; ph&ugrave; hợp với từng kh&ocirc;ng gian ri&ecirc;ng n&ecirc;n việc lựa chọn cho ng&ocirc;i nh&agrave; của m&igrave;nh một loại c&acirc;y vừa đẹp trang tr&iacute; Tết vừa thu h&uacute;t t&agrave;i lộc v&agrave; điều may cho ước nguyện của m&igrave;nh th&igrave; kh&ocirc;ng phải ai cũng biết&nbsp;<a href=\"https://caycanhxanh.vn/tet-trong-cay-gi-trong-nha/\"><strong>Tết trồng c&acirc;y g&igrave; trong nh&agrave;</strong></a>&nbsp;cho ph&ugrave; hợp. Sau đ&acirc;y sẽ l&agrave; một số những loại c&acirc;y cảnh v&agrave; từng &yacute; nghĩa gi&uacute;p mọi người c&oacute; thể tham khảo v&agrave; lựa chọn trang tr&iacute;.&nbsp;</p>\r\n\r\n<h3><strong>C&acirc;y mai v&agrave;ng &ndash; biểu trưng của cốt c&aacute;ch</strong></h3>\r\n\r\n<p>C&acirc;y mai v&agrave;ng thuộc lo&agrave;i c&acirc;y sống, ch&uacute;ng c&oacute; thể sống đến trăm tuổi. C&oacute; gốc to v&agrave; c&oacute; rễ lồi l&otilde;m, c&agrave;nh l&aacute; nhiều, th&acirc;n c&acirc;y x&ugrave; x&igrave;. Hoa mai v&agrave;ng c&oacute; từ 5-9 c&aacute;nh, đ&ocirc;i khi từ 12 đến 18 c&aacute;nh tuỳ c&acirc;y. Nếu n&oacute;i miền Bắc c&oacute; đ&agrave;o th&igrave; đ&acirc;y lại l&agrave; lo&agrave;i c&acirc;y đặc trưng của miền Nam, những b&ocirc;ng hoa mai nở rộ thắm tươi đ&oacute;n m&ugrave;a xu&acirc;n về.&nbsp;</p>\r\n\r\n<p><img alt=\"Cây mai vàng - Biểu tượng của cốt cách\" src=\"https://caycanhxanh.vn/wp-content/uploads/2023/01/cay-mai-vang-trong-trong-nha.jpg\" style=\"height:500px; width:375px\" /></p>\r\n\r\n<p><em>C&acirc;y mai v&agrave;ng &ndash; Biểu tượng của cốt c&aacute;ch</em></p>\r\n\r\n<p>Hoa mai được &ocirc;ng cha ta v&iacute; von với c&acirc;u n&oacute;i &ldquo; Hoa mai l&agrave; biểu tượng cốt c&aacute;ch, giữ vững trong t&acirc;m đạo l&iacute; &acirc;n t&igrave;nh&rdquo;. Như sức sống của lo&agrave;i c&acirc;y n&agrave;y bền bỉ, trải qua bao nhi&ecirc;u sương gi&oacute; để rồi đơm hoa ngay ng&agrave;y đầu xu&acirc;n đem lại sắc hương ngọt ng&agrave;o.&nbsp;</p>\r\n\r\n<h3><strong>C&acirc;y hoa đ&agrave;o &ndash; biểu tượng của sự sinh s&ocirc;i nảy nở</strong></h3>\r\n\r\n<p>Hoa đ&agrave;o l&agrave; một loại c&acirc;y phổ biến ở miền Bắc, ch&uacute;ng chỉ c&oacute; thể ra hoa khi ở điều kiện thời tiết v&agrave; kh&iacute; hậu lạnh ở v&ugrave;ng Bắc Bộ. Ch&uacute;ng thuộc c&acirc;y th&acirc;n gỗ nhỏ, chỉ từ 5 &ndash; 10m, c&oacute; th&acirc;n cao v&agrave; ph&acirc;n nhiều nh&aacute;nh. Đ&agrave;o cho ra hoa c&oacute; c&aacute;nh mỏng, nhỏ, mềm mại v&agrave; c&oacute; nhiều c&aacute;nh đan xen v&agrave;o nhau, chủ yếu hoa đ&agrave;o c&oacute; c&aacute;c m&agrave;u như hồng phấn, hồng đậm,&hellip;</p>\r\n\r\n<p><img alt=\"Cây đào - Biểu tượng của sinh sôi\" src=\"https://caycanhxanh.vn/wp-content/uploads/2023/01/cay-dao-trong-trong-nha.jpg\" style=\"height:500px; width:500px\" /></p>\r\n\r\n<p><em>C&acirc;y đ&agrave;o &ndash; Biểu tượng của sinh s&ocirc;i</em></p>\r\n\r\n<p>Theo phong thuỷ, hoa đ&agrave;o c&oacute; thể xua đuổi t&agrave; kh&iacute; cho ng&ocirc;i nh&agrave;, trị được b&aacute;ch quỷ. Ch&iacute;nh v&igrave; vậy m&agrave; trong năm mới, c&aacute;c gia đ&igrave;nh miền Bắc thường c&oacute; tục trang tr&iacute; hoa đ&agrave;o với mong muốn cầu xin nhiều điều may v&agrave; thuận lợi.</p>\r\n\r\n<h3><strong>C&acirc;y quất &ndash; mang đến sự b&igrave;nh an</strong></h3>\r\n\r\n<p>Th&acirc;n c&acirc;y quất mềm v&agrave; dẻo dai n&ecirc;n rất được ưa chuộng trồng l&agrave;m c&acirc;y cảnh, l&agrave;m c&acirc;y bonsai trang tr&iacute; trong nh&agrave; hoặc dịp lễ, tết. Vỏ c&acirc;y quất c&oacute; m&agrave;u x&aacute;m v&agrave; sần s&ugrave;i, c&acirc;y c&oacute; nhiều nh&aacute;nh mọc ra từ c&aacute;c hướng, v&agrave; đặc biệt c&acirc;y rất sai quả. L&aacute; c&acirc;y quất c&oacute; h&igrave;nh bầu dục v&agrave; c&oacute; m&agrave;u xanh đậm, lu&ocirc;n tươi tốt quanh năm.</p>\r\n\r\n<p>C&acirc;y quất tượng trưng cho sự may mắn, sức khỏe, niềm vui, trường thọ, h&uacute;t t&agrave;i lộc mang đến b&igrave;nh an cho cả gia đ&igrave;nh. Ch&iacute;nh v&igrave; thế m&agrave; trong những ng&agrave;y Tết, ở hầu hết c&aacute;c hộ gia đ&igrave;nh, c&ocirc;ng ty hay những cửa h&agrave;ng kinh doanh đều lựa chọn c&acirc;y quất để trang tr&iacute;.</p>\r\n\r\n<h3><strong>C&acirc;y sung &ndash; biểu trưng cho sự sung t&uacute;c, vi&ecirc;n m&atilde;n</strong></h3>\r\n\r\n<p>Th&acirc;n c&acirc;y sung to v&agrave; c&oacute; c&agrave;nh l&aacute; xum xu&ecirc;, vỏ c&acirc;y c&oacute; nhựa mủ nhiều m&agrave;u trắng, c&acirc;y thuộc dạng th&acirc;n gỗ mềm. L&aacute; c&acirc;y được xếp v&agrave;o loại l&aacute; đơn, c&oacute; k&iacute;ch thước vừa v&agrave; nhỏ. Một số l&aacute; c&oacute; h&igrave;nh răng cưa, tr&ecirc;n l&aacute; gi&agrave; hoặc l&aacute; non sẽ xuất hiện những u lồi do k&iacute; sinh g&acirc;y n&ecirc;n. Quả sung ra nhiều, ch&uacute;ng b&aacute;m chi ch&iacute;t tr&ecirc;n th&acirc;n c&acirc;y khi ch&iacute;n c&oacute; m&agrave;u đỏ rất đẹp.&nbsp;</p>\r\n\r\n<p><img alt=\"Cây sung - Biểu tượng cho sự sung túc\" src=\"https://caycanhxanh.vn/wp-content/uploads/2023/01/cay-sung-trong-tet.jpg\" style=\"height:429px; width:500px\" /></p>\r\n\r\n<p><em>C&acirc;y sung &ndash; Biểu tượng cho sự sung t&uacute;c</em></p>\r\n\r\n<p>Từ sung trong c&aacute;i t&ecirc;n c&acirc;y sung ngụ &yacute; muốn n&oacute;i đến sự sung t&uacute;c, tr&ograve;n đầy v&agrave; vi&ecirc;n m&atilde;n. Ngo&agrave;i ra, theo phong thủy c&acirc;y sung c&oacute; d&aacute;ng đẹp, gốc to, quả sung căng tr&ograve;n gi&uacute;p thu h&uacute;t về tiền t&agrave;i v&agrave; may mắn cho gia chủ sở hữu.&nbsp;</p>\r\n\r\n<h3><strong>C&acirc;y hoa c&uacute;c &ndash; biểu hiện của sự thanh cao</strong></h3>\r\n\r\n<p>Người Việt xem hoa c&uacute;c l&agrave; biểu trưng cho sự thanh cao, tao nh&atilde;, được xếp v&agrave;o tứ đại c&acirc;y qu&yacute; đ&oacute; l&agrave;&nbsp; &ldquo; t&ugrave;ng, tr&uacute;c, c&uacute;c, mai &rdquo;. C&uacute;c v&agrave;ng c&oacute; sức sống m&atilde;nh liệt, v&igrave; vậy m&agrave; ch&uacute;ng ph&acirc;n bố rộng khắp thế giới kh&ocirc;ng ri&ecirc;ng g&igrave; Việt Nam. C&acirc;y thường mọc thẳng đứng, th&acirc;n c&acirc;y tiết nhựa mủ trắng, c&oacute; l&aacute; bản xẻ th&ugrave;y l&ocirc;ng chim mọc so le nhau.&nbsp;</p>\r\n\r\n<p>Trong phong thủy, hoa c&uacute;c đem đến sự may mắn v&agrave; cuộc sống y&ecirc;n b&igrave;nh cho gia chủ. Ch&iacute;nh v&igrave; thế m&agrave; ch&uacute;ng kh&ocirc;ng thể thiếu trong nh&agrave; mỗi dịp tết đến xu&acirc;n về. Với mỗi gia đ&igrave;nh Việt, c&oacute; thể đặt chậu hoa c&uacute;c nhỏ trước s&acirc;n hoặc một v&agrave;i b&ocirc;ng c&uacute;c tr&ecirc;n ban thờ tổ ti&ecirc;n.&nbsp;</p>\r\n\r\n<h3><strong>C&acirc;y ph&aacute;t t&agrave;i lộc &ndash; đem lại tiền t&agrave;i cho gia chủ</strong></h3>\r\n\r\n<p>Mang một m&agrave;u xanh tươi bắt mắt, c&oacute; h&igrave;nh d&aacute;ng đa dạng, kh&ocirc;ng kh&oacute; hiểu khi ch&uacute;ng được trồng l&agrave;m cảnh phổ biến tại nhiều nơi. Điểm nổi bật ở lo&agrave;i c&acirc;y n&agrave;y l&agrave; th&acirc;n c&acirc;y được h&igrave;nh th&agrave;nh từ nhiều đốt. Ở mỗi đốt sẽ c&oacute; c&aacute;c mắt v&agrave; c&aacute;c nh&aacute;nh được mọc l&ecirc;n từ những mắt n&agrave;y.&nbsp;</p>\r\n\r\n<p>Đ&acirc;y l&agrave; c&acirc;y c&oacute; thể mang đến sự may mắn, mang đến t&agrave;i lộc sung t&uacute;c cho gia đ&igrave;nh. Trong phong thuỷ, số lượng c&acirc;y trong chậu, với mỗi một con số sẽ mang một &yacute; nghĩa kh&aacute;c nhau:</p>\r\n\r\n<ul>\r\n	<li>2 c&acirc;y: Tượng trưng cho t&igrave;nh duy&ecirc;n v&agrave; h&ocirc;n nh&acirc;n</li>\r\n	<li>3 c&acirc;y: Đem đến 3 loại may mắn bao gồm: hạnh ph&uacute;c, trường thọ v&agrave; sự gi&agrave;u c&oacute;</li>\r\n	<li>5 c&acirc;y: Sức khoẻ dồi d&agrave;o</li>\r\n	<li>8 c&acirc;y: Thịnh vượng v&agrave; ph&aacute;t t&agrave;i</li>\r\n</ul>\r\n\r\n<p><img alt=\"Cây phát tài lộc - Nhiều ý nghĩa cho sự thu hút tài lộc\" src=\"https://caycanhxanh.vn/wp-content/uploads/2023/01/cay-phat-tai-loc-trong-tet.jpg\" style=\"height:500px; width:375px\" /></p>\r\n\r\n<p><em>C&acirc;y ph&aacute;t t&agrave;i lộc &ndash; Nhiều &yacute; nghĩa cho sự thu h&uacute;t t&agrave;i lộc</em></p>\r\n\r\n<h3><strong>C&acirc;y hoa hải đường &ndash; mang &yacute; nghĩa về sự hạnh ph&uacute;c</strong></h3>\r\n\r\n<p><strong><a href=\"https://caycanhxanh.vn/cay-hoa-hai-duong/\">Hoa hải đường</a></strong>&nbsp;thuộc họ c&acirc;y ch&egrave;, tuy nhi&ecirc;n ch&uacute;ng c&oacute; k&iacute;ch thước lớn hơn nhiều v&igrave; c&oacute; phần lai c&acirc;y th&acirc;n gỗ. C&acirc;y c&oacute; chiều cao từ 1 &ndash; 5m v&agrave; c&oacute; ngoại h&igrave;nh v&ocirc; cũng cứng c&aacute;p. L&aacute; hải đường c&oacute; h&igrave;nh bầu dục v&agrave; c&oacute; m&agrave;u xanh b&oacute;ng mượt, hai b&ecirc;n m&eacute;p sẽ c&oacute; c&aacute;c răng cưa d&agrave;y căng tr&agrave;n sức sống.&nbsp;</p>\r\n\r\n<p><img alt=\"Hoa hải đường - Đại diện cho ấm áp ngày tết\" src=\"https://caycanhxanh.vn/wp-content/uploads/2023/01/hoa-hai-duong-trong-tet.jpg\" style=\"height:500px; width:500px\" /></p>\r\n\r\n<p><em>Hoa hải đường &ndash; Đại diện cho ấm &aacute;p ng&agrave;y tết</em></p>\r\n\r\n<p>C&acirc;y hoa hải đường c&oacute; c&ocirc;ng dụng lọc sạch kh&ocirc;ng kh&iacute; cực kỳ tốt. Hải đường trong phong thủy tượng trưng cho sự gi&agrave;u sang, ph&uacute; qu&yacute;. B&ecirc;n cạnh đ&oacute; ch&uacute;ng c&ograve;n thể hiện cho cuộc sống đầm ấm hạnh ph&uacute;c trong dịp năm mới.&nbsp;</p>\r\n\r\n<h3><strong>Hoa trạng nguy&ecirc;n &ndash; biểu tượng của sự th&agrave;nh đạt</strong></h3>\r\n\r\n<p>C&acirc;y hoa trạng nguy&ecirc;n đỏ l&agrave; loại c&acirc;y được trồng phổ biến hiện nay, ch&uacute;ng thuộc loại c&acirc;y cảnh dạng bụi, c&oacute; th&acirc;n gỗ nhỏ v&agrave; cao từ 0.5 &ndash; 3m. L&aacute; trạng nguy&ecirc;n c&oacute; m&agrave;u đỏ v&agrave; sẽ dần chuyển sang xanh v&agrave; c&oacute; h&igrave;nh răng cưa. C&ograve;n hoa trạng nguy&ecirc;n c&oacute; m&agrave;u v&agrave;ng, nằm trong trung t&acirc;m cụm l&aacute;.&nbsp;</p>\r\n\r\n<p><a href=\"https://caycanhxanh.vn/hoa-trang-nguyen/\"><strong>C&acirc;y trạng nguy&ecirc;n</strong></a>&nbsp;l&agrave; biểu tượng cho sự th&agrave;nh c&ocirc;ng v&agrave; đỗ đạt trong con đường học vấn. Với sắc m&agrave;u đỏ thắm, trạng nguy&ecirc;n c&ograve;n như một lời ch&uacute;c ph&uacute;c, ch&uacute;c may mắn trong dịp tết đến xu&acirc;n về. Ngo&agrave;i ra một chậu trạng nguy&ecirc;n để tr&ecirc;n b&agrave;n c&ograve;n gi&uacute;p gia chủ xua đuổi đi những điều xấu hoặc tai tiếng b&ecirc;n ngo&agrave;i.&nbsp;</p>\r\n\r\n<h3><strong>Hoa lan hồ điệp &ndash; mang đến n&eacute;t đẹp sang trọng, qu&yacute; ph&aacute;i</strong></h3>\r\n\r\n<p>Lan l&agrave; lo&agrave;i c&acirc;y thuộc họ sống b&aacute;m, ch&uacute;ng treo lơ lửng tr&ecirc;n th&acirc;n của những lo&agrave;i c&acirc;y kh&aacute;c. Tr&ecirc;n th&acirc;n lan c&oacute; củ giả ph&igrave;nh to để ch&uacute;ng dự trữ nước, c&aacute;c chất dinh dưỡng khi ch&uacute;ng treo lơ lửng tr&ecirc;n cao. Hoa lan mọc đối xứng nhau qua một trục thẳng, rũ xuống tr&ocirc;ng rất đẹp mắt.&nbsp;</p>\r\n\r\n<p><img alt=\"Chậu hoa lan hồ điệp - Biểu tượng sự giàu sang, quyền quý\" src=\"https://caycanhxanh.vn/wp-content/uploads/2023/01/lan-ho-diep-trong-ngay-tet.jpg\" style=\"height:500px; width:375px\" /></p>\r\n\r\n<p><em>Chậu hoa lan hồ điệp &ndash; Biểu tượng sự gi&agrave;u sang, quyền qu&yacute;</em></p>\r\n\r\n<p>Được cho l&agrave; lo&agrave;i hoa &ldquo;nữ ho&agrave;ng&rdquo;, hoa lan tượng trưng cho sự gi&agrave;u c&oacute;, qu&yacute; ph&aacute;i v&agrave; sang trọng. Theo phong thủy, hoa lan mang đến cho bạn nhiều may mắn, vượng kh&iacute; cho gia đ&igrave;nh.&nbsp;</p>\r\n\r\n<h3><strong>C&acirc;y nụ tầm xu&acirc;n &ndash; thể hiện sự sinh s&ocirc;i nảy lộc</strong></h3>\r\n\r\n<p>Tầm xu&acirc;n l&agrave; loại c&acirc;y mọc thấp, nụ mọc theo c&aacute;c n&aacute;ch l&aacute;, c&oacute; nh&aacute;nh c&agrave;nh khẳng khiu, chi ch&iacute;t c&aacute;c nụ hoa với nhiều m&agrave;u sắc rực rỡ. Nụ hoa nở rộ nhiều nhất v&agrave;o đầu xu&acirc;n v&igrave; thế đ&acirc;y l&agrave; lo&agrave;i c&acirc;y b&aacute;o hiệu m&ugrave;a xu&acirc;n đ&atilde; về.&nbsp;</p>\r\n\r\n<p><img alt=\"Nụ tầm xuân - Mang nhiều niềm vui cho ngày Tết\" src=\"https://caycanhxanh.vn/wp-content/uploads/2023/01/nu-tam-xuan-trong-tet.jpg\" style=\"height:500px; width:375px\" /></p>\r\n\r\n<p><em>Nụ tầm xu&acirc;n &ndash; Mang nhiều niềm vui cho ng&agrave;y Tết</em></p>\r\n\r\n<p>Nụ tầm xu&acirc;n với &yacute; nghĩa sinh s&ocirc;i, nảy lộc, mang đến nhiều may mắn. Đi c&ugrave;ng với hoa đ&agrave;o, c&acirc;y quất, hoa tầm xu&acirc;n c&ograve;n l&agrave; vật trang tr&iacute; kh&ocirc;ng thể thiếu trong nhiều gia đ&igrave;nh trong những dịp Tết.</p>\r\n\r\n<h3><strong>C&acirc;y hoa đồng tiền &ndash; tượng trưng cho may mắn v&agrave; trường thọ</strong></h3>\r\n\r\n<p>Hoa c&uacute;c đồng tiền thuộc c&acirc;y th&acirc;n thảo, ch&uacute;ng c&oacute; th&acirc;n ngầm đẻ nh&aacute;nh v&agrave; c&oacute; l&aacute;, hoa ph&aacute;t triển ra từ th&acirc;n. L&aacute; của c&acirc;y c&uacute;c đồng tiền d&agrave;i khoảng từ 15 đến 25cm, mặt dưới c&oacute; một lớp l&ocirc;ng mịn, xẻ n&ocirc;ng hay s&acirc;u t&ugrave;y từng l&aacute;.&nbsp;</p>\r\n\r\n<p><img alt=\"Hoa đồng tiền - Mang lại tiền tài cho gia chủ\" src=\"https://caycanhxanh.vn/wp-content/uploads/2023/01/hoa-dong-tien-trong-tet.jpg\" style=\"height:375px; width:500px\" /></p>\r\n\r\n<p><em>Hoa đồng tiền &ndash; Mang lại tiền t&agrave;i cho gia chủ</em></p>\r\n\r\n<p>Trong phong thủy hoa đồng tiền mang lại nhiều may mắn, sức khỏe v&agrave; tuổi thọ, n&ecirc;n ch&uacute;ng rất được nhiều gia đ&igrave;nh lựa chọn trang tr&iacute; trong ng&agrave;y tết. Một chậu hoa đồng tiền trước cửa nh&agrave; hay đặt ở ph&ograve;ng kh&aacute;ch tượng trưng cho lời ch&uacute;c đầy &yacute; nghĩa đầu năm.&nbsp;</p>\r\n\r\n<h3><strong>C&acirc;y hoa thủy ti&ecirc;n &ndash; mang lại c&aacute;t tường</strong></h3>\r\n\r\n<p>Kh&ocirc;ng giống như nhiều lo&agrave;i hoa kh&aacute;c, hoa thủy ti&ecirc;n c&oacute; một sức sống v&ocirc; c&ugrave;ng mạnh mẽ, khi gọt v&agrave;o củ hoa n&agrave;y, chỉ v&agrave;i h&ocirc;m ch&uacute;ng đ&atilde; tự l&agrave;nh. Đặc t&iacute;nh hoa thủy ti&ecirc;n l&agrave; nơi nu&ocirc;i dưỡng cho l&aacute;, khi ấy l&aacute; thủy ti&ecirc;n sẽ xoắn lại, vươn l&ecirc;n xen giữa những m&agrave;u hoa rực rỡ.</p>\r\n\r\n<p><img alt=\"Hoa thủy tiên - Loài hoa được yêu thích ngày Tết\" src=\"https://caycanhxanh.vn/wp-content/uploads/2023/01/hoa-thuy-tien-trong-tet.jpg\" style=\"height:500px; width:404px\" /></p>\r\n\r\n<p><em>Hoa thủy ti&ecirc;n &ndash; Lo&agrave;i hoa được y&ecirc;u th&iacute;ch ng&agrave;y Tết</em></p>\r\n\r\n<p>Thủy ti&ecirc;n l&agrave; lo&agrave;i hoa tượng trưng cho sự may mắn v&agrave; gi&agrave;u sang ph&uacute; qu&yacute;, t&agrave;i lộc đến sung t&uacute;c. Trong phong thủy, hoa thủy ti&ecirc;n kh&ocirc;ng chỉ c&oacute; t&aacute;c dụng khử t&agrave; m&agrave; ch&uacute;ng c&ograve;n mang lại nhiều vận kh&iacute; cho gia chủ. Ch&iacute;nh v&igrave; thế m&agrave; hoa thủy ti&ecirc;n được rất nhiều gia đ&igrave;nh lựa chọn trưng b&agrave;y trong dịp tết đầu năm.&nbsp;</p>\r\n\r\n<h2><strong>Những lưu &yacute; khi trang tr&iacute; c&acirc;y hoa, c&acirc;y cảnh trong ng&agrave;y tết</strong></h2>\r\n\r\n<p>Kh&ocirc;ng n&ecirc;n d&ugrave;ng qu&aacute; nhiều lo&agrave;i hoa c&ugrave;ng nhiều m&agrave;u sắc sẽ g&acirc;y cảm gi&aacute;c bị rối mắt v&agrave; kh&oacute; chịu, ngo&agrave;i ra ch&uacute;ng c&ograve;n kh&ocirc;ng ph&ugrave; hợp với kh&ocirc;ng gian ng&ocirc;i nh&agrave;. Trong nh&agrave; bếp hoặc ph&ograve;ng ăn chỉ cần những chậu c&acirc;y nhỏ gọn, tr&aacute;nh bị vướng v&iacute;u. Trong ph&ograve;ng kh&aacute;ch hoặc của sổ th&iacute;ch hợp trang tr&iacute; những chậu c&acirc;y nhỏ, lọ cắm hoa.</p>\r\n\r\n<p>Để giữ cho hoa tươi l&acirc;u l&agrave; điều rất quan trọng trong những ng&agrave;y tết, ch&iacute;nh v&igrave; thế m&agrave; mọi người n&ecirc;n ch&uacute; &yacute; đến việc chăm s&oacute;c cũng như tưới ti&ecirc;u c&aacute;c&nbsp;<a href=\"https://caycanhxanh.vn/chau-trong-cay-canh/\"><strong>chậu c&acirc;y</strong></a>, lọ hoa sao cho đ&uacute;ng c&aacute;ch.</p>', 2, '2023-05-18 13:42:44', '2023-12-23 13:29:09', 19);

-- --------------------------------------------------------

--
-- Cấu trúc bảng cho bảng `products`
--

CREATE TABLE `products` (
  `id` bigint(20) UNSIGNED NOT NULL,
  `name` varchar(255) NOT NULL,
  `price` varchar(255) NOT NULL,
  `image` varchar(255) NOT NULL,
  `stock` tinyint(4) NOT NULL,
  `description` text DEFAULT NULL,
  `category_id` bigint(20) UNSIGNED DEFAULT NULL,
  `created_at` timestamp NULL DEFAULT NULL,
  `updated_at` timestamp NULL DEFAULT NULL,
  `status` tinyint(4) NOT NULL DEFAULT 1
) ENGINE=InnoDB DEFAULT CHARSET=utf8mb4 COLLATE=utf8mb4_unicode_ci;

--
-- Đang đổ dữ liệu cho bảng `products`
--

INSERT INTO `products` (`id`, `name`, `price`, `image`, `stock`, `description`, `category_id`, `created_at`, `updated_at`, `status`) VALUES
(1, 'Cây phát tài', '449000', '97BhsIWyXZp8Ncamv7i8jk5xmi5q49QirsCNDs0h.jpg', 6, '<p>dang cap nhat</p>', 1, '2023-05-17 14:32:03', '2023-06-23 13:40:48', 1),
(2, 'Bàng Sing Nhỏ', '189000', 'lvioKm5iuUZ4Qs5oj4D6FSFQ7oCJwDXL2pQDoH82.jpg', 3, '<p>B&agrave;ng Sing Nhỏ</p>\r\n\r\n<div id=\"gtx-trans\" style=\"position: absolute; left: -277px; top: -4.8px;\">\r\n<div class=\"gtx-trans-icon\">&nbsp;</div>\r\n</div>', 2, '2023-05-18 02:42:43', '2023-11-21 00:30:38', 1),
(3, 'Lưỡi Hổ', '189000', 'XbgVtH64Lb48KvRjEAVj4nLWnFysfZjnM6HBNj6C.jpg', 3, '<p>Lưỡi Hổ</p>', 2, '2023-05-18 02:45:42', '2024-01-11 05:59:16', 1),
(4, 'Lan Ý', '189000', 'CUnL3o11SnsJGaiIrOrH3PhN6bfgiJv6MSLlylpa.jpg', 0, '<p>Lan &Yacute;</p>', 2, '2023-05-18 02:46:07', '2024-01-11 05:40:46', 1),
(5, 'Kim Phát Tài', '600000', '13tvuWKkSqwa6VhVoOivm4cqflxuAaP3gzkbIDbF.jpg', 3, '<p>dang cap nhat</p>', 1, '2023-05-18 02:48:41', '2024-01-11 05:31:59', 1),
(6, 'Kim Tiền', '539000', 'QBOCbnf49i3omMLPGcdX1XhNCU1l7AWl1LIFZJHO.jpg', 0, '<p>dang cap nhat</p>', 1, '2023-05-18 02:49:26', '2023-05-27 13:52:52', 1),
(7, 'Terra - Family', '360000', 'Z82wIqlNuMCRSIVXq12xnTg6hFbxX8AhyzMj7HA1.jpg', 1, '<p>dang cap nhat</p>\r\n\r\n<p>&nbsp;</p>', 3, '2023-05-18 04:32:38', '2023-06-28 13:33:51', 1),
(8, 'Terrarium - Family & Home', '450000', '2V6vr9wAh06d6qnoKsZZhhVyMauCnb5OhNsfMCAT.jpg', 0, '<p>dang cap nhat</p>', 3, '2023-05-18 04:33:36', '2023-06-28 13:33:51', 1),
(9, 'Cây bạch mã hoàng tử', '539000', 'GGVmXN65Du28TeWGvDJq0RpYArvWL1mv6VzMMgdC.jpg', -1, '<p>dang cap nhat</p>', 4, '2023-05-18 04:35:34', '2023-06-21 12:29:57', 1),
(10, 'Bàng Singapore', '649000', 'n1rM6NRl8ZsVP1pjEOqItuyG0TyHzONBvH15L6fR.jpg', 0, '<p>dang cap nhat</p>', 4, '2023-05-18 04:36:17', '2023-06-23 13:36:40', 1),
(11, 'Đế Vương Vàng', '250000', 'GOXu4I9BWta8ZoaeYGLrXWyfkvHKzb7pySVQ1Bii.jpg', 0, '<p>dang cap nhat</p>', 4, '2023-05-18 04:36:56', '2023-11-16 12:48:44', 1),
(12, 'Đôn gỗ', '50000', 'lcyV9zNmxw7curXGn7OZxhEcytiAclgh3sfYG3sQ.jpg', 0, '<p>dang cap nhat</p>', 5, '2023-05-18 04:38:36', '2023-06-28 13:37:19', 1),
(13, 'Nấm Nhỏ', '7000', 'wMBhGTkYVDQ1jYnzIrkzXtBPU071Dqb2Qfh21YzL.jpg', 2, '<p>dang cap nhat</p>', 5, '2023-05-18 04:38:56', '2024-01-11 05:03:34', 1);

-- --------------------------------------------------------

--
-- Cấu trúc bảng cho bảng `replies`
--

CREATE TABLE `replies` (
  `id` bigint(20) UNSIGNED NOT NULL,
  `customer_id` bigint(20) UNSIGNED DEFAULT NULL,
  `comment_id` bigint(20) UNSIGNED DEFAULT NULL,
  `content` varchar(255) NOT NULL,
  `created_at` timestamp NULL DEFAULT NULL,
  `updated_at` timestamp NULL DEFAULT NULL
) ENGINE=InnoDB DEFAULT CHARSET=utf8mb4 COLLATE=utf8mb4_unicode_ci;

--
-- Đang đổ dữ liệu cho bảng `replies`
--

INSERT INTO `replies` (`id`, `customer_id`, `comment_id`, `content`, `created_at`, `updated_at`) VALUES
(2, 1, 3, 'hi', '2023-05-27 14:17:26', '2023-05-27 14:17:26'),
(3, 2, 3, 'hello', '2023-05-27 14:18:57', '2023-05-27 14:18:57');

-- --------------------------------------------------------

--
-- Cấu trúc bảng cho bảng `theme_settings`
--

CREATE TABLE `theme_settings` (
  `id` bigint(20) UNSIGNED NOT NULL,
  `layout` varchar(255) NOT NULL,
  `color_scheme` varchar(255) NOT NULL,
  `layout_width` varchar(255) NOT NULL,
  `layout_position` varchar(255) NOT NULL,
  `topbar_color` varchar(255) NOT NULL,
  `sidebar_size` varchar(255) NOT NULL,
  `sidebar_view` varchar(255) NOT NULL,
  `sidebar_color` varchar(255) NOT NULL,
  `sidebar_image` varchar(255) NOT NULL,
  `user_id` bigint(20) UNSIGNED NOT NULL,
  `created_at` timestamp NULL DEFAULT NULL,
  `updated_at` timestamp NULL DEFAULT NULL
) ENGINE=InnoDB DEFAULT CHARSET=utf8mb4 COLLATE=utf8mb4_unicode_ci;

-- --------------------------------------------------------

--
-- Cấu trúc bảng cho bảng `users`
--

CREATE TABLE `users` (
  `id` bigint(20) UNSIGNED NOT NULL,
  `name` varchar(255) NOT NULL,
  `email` varchar(255) NOT NULL,
  `address` varchar(255) DEFAULT NULL,
  `phone` int(11) DEFAULT NULL,
  `is_customer` tinyint(4) NOT NULL DEFAULT 0,
  `avatar` varchar(255) DEFAULT 'default.png',
  `email_verified_at` timestamp NULL DEFAULT NULL,
  `password` varchar(255) NOT NULL,
  `remember_token` varchar(100) DEFAULT NULL,
  `created_at` timestamp NULL DEFAULT NULL,
  `updated_at` timestamp NULL DEFAULT NULL,
  `banned` tinyint(4) NOT NULL DEFAULT 1
) ENGINE=InnoDB DEFAULT CHARSET=utf8mb4 COLLATE=utf8mb4_unicode_ci;

--
-- Đang đổ dữ liệu cho bảng `users`
--

INSERT INTO `users` (`id`, `name`, `email`, `address`, `phone`, `is_customer`, `avatar`, `email_verified_at`, `password`, `remember_token`, `created_at`, `updated_at`, `banned`) VALUES
(1, 'Admin', 'admin@gmail.com', 'Đồng Tháp', 354632349, 1, 'KrZSQdwT0j2LcezWHjUJsfzUw86rKqu7g4YGXqHZ.jpg', NULL, '$2y$10$xA1um1XH/ISDTUvvN0VgeunwIJncBmvx5qY.pMEq0DcdwgmzTinBO', NULL, '2023-05-17 14:30:00', '2023-05-31 05:51:14', 1),
(2, 'Nam Lê', 'lnam6507@gmail.com', 'Đồng Tháp', 354632349, 1, 'nK0cMw8ydo7XPkDF2LbS99qPEsahCNPBiwootYby.jpg', NULL, '$2y$10$IA10MlN8uz/5obIQPUFN5uftr4/8dROrgQsTLkhLiCoMGWxysLVKy', NULL, '2023-05-17 14:30:00', '2023-06-11 04:01:35', 1),
(3, 'Ngọc Quân', 'quan@gmail.com', 'Can Tho', 123456789, 0, 'default.png', NULL, '$2y$10$4ICn5o4m22zhPMGXtvEjFe7QafxqdnIUlv8vlCZfVfo4Iq55s.8Lm', NULL, '2023-05-18 01:30:49', '2023-05-18 01:30:49', 1),
(12, 'Hữu Luân', 'luan@gmail.com', 'Dong Thap', 123456789, 0, 'default.png', NULL, '$2y$10$kaMJxRoEKdXE4e/Vx3B7.e/TxccK3oIAScfbbDElJKIeyqEpHKb.q', NULL, '2023-05-19 01:52:51', '2023-05-19 01:52:51', 1),
(14, 'Test', 'test@gmail.com', 'Can tho', 123456789, 0, 'default.png', NULL, '$2y$10$HjkQTpSNqfJa6idLei4xOuCLcDYx0D2SIe1PQv5tNKVhL.5B3bTd6', NULL, '2023-06-23 13:29:35', '2023-06-23 13:29:35', 1);

--
-- Chỉ mục cho các bảng đã đổ
--

--
-- Chỉ mục cho bảng `banners`
--
ALTER TABLE `banners`
  ADD PRIMARY KEY (`id`),
  ADD KEY `banners_user_id_foreign` (`user_id`);

--
-- Chỉ mục cho bảng `categories`
--
ALTER TABLE `categories`
  ADD PRIMARY KEY (`id`);

--
-- Chỉ mục cho bảng `comments`
--
ALTER TABLE `comments`
  ADD PRIMARY KEY (`id`),
  ADD KEY `comments_customer_id_foreign` (`customer_id`),
  ADD KEY `comments_post_id_foreign` (`post_id`);

--
-- Chỉ mục cho bảng `migrations`
--
ALTER TABLE `migrations`
  ADD PRIMARY KEY (`id`);

--
-- Chỉ mục cho bảng `orders`
--
ALTER TABLE `orders`
  ADD PRIMARY KEY (`id`),
  ADD KEY `orders_customer_id_foreign` (`customer_id`),
  ADD KEY `orders_status_id_foreign` (`status_id`),
  ADD KEY `orders_user_id_foreign` (`user_id`);

--
-- Chỉ mục cho bảng `order_details`
--
ALTER TABLE `order_details`
  ADD PRIMARY KEY (`id`),
  ADD KEY `order_details_order_id_foreign` (`order_id`),
  ADD KEY `order_details_product_id_foreign` (`product_id`);

--
-- Chỉ mục cho bảng `order_statuses`
--
ALTER TABLE `order_statuses`
  ADD PRIMARY KEY (`id`);

--
-- Chỉ mục cho bảng `personal_access_tokens`
--
ALTER TABLE `personal_access_tokens`
  ADD PRIMARY KEY (`id`),
  ADD UNIQUE KEY `personal_access_tokens_token_unique` (`token`),
  ADD KEY `personal_access_tokens_tokenable_type_tokenable_id_index` (`tokenable_type`,`tokenable_id`);

--
-- Chỉ mục cho bảng `posts`
--
ALTER TABLE `posts`
  ADD PRIMARY KEY (`id`),
  ADD KEY `posts_user_id_foreign` (`user_id`);

--
-- Chỉ mục cho bảng `products`
--
ALTER TABLE `products`
  ADD PRIMARY KEY (`id`),
  ADD KEY `products_category_id_foreign` (`category_id`);

--
-- Chỉ mục cho bảng `replies`
--
ALTER TABLE `replies`
  ADD PRIMARY KEY (`id`),
  ADD KEY `replies_customer_id_foreign` (`customer_id`),
  ADD KEY `replies_comment_id_foreign` (`comment_id`);

--
-- Chỉ mục cho bảng `theme_settings`
--
ALTER TABLE `theme_settings`
  ADD PRIMARY KEY (`id`),
  ADD KEY `theme_settings_user_id_foreign` (`user_id`);

--
-- Chỉ mục cho bảng `users`
--
ALTER TABLE `users`
  ADD PRIMARY KEY (`id`),
  ADD UNIQUE KEY `users_email_unique` (`email`);

--
-- AUTO_INCREMENT cho các bảng đã đổ
--

--
-- AUTO_INCREMENT cho bảng `banners`
--
ALTER TABLE `banners`
  MODIFY `id` bigint(20) UNSIGNED NOT NULL AUTO_INCREMENT, AUTO_INCREMENT=5;

--
-- AUTO_INCREMENT cho bảng `categories`
--
ALTER TABLE `categories`
  MODIFY `id` bigint(20) UNSIGNED NOT NULL AUTO_INCREMENT, AUTO_INCREMENT=8;

--
-- AUTO_INCREMENT cho bảng `comments`
--
ALTER TABLE `comments`
  MODIFY `id` bigint(20) UNSIGNED NOT NULL AUTO_INCREMENT, AUTO_INCREMENT=4;

--
-- AUTO_INCREMENT cho bảng `migrations`
--
ALTER TABLE `migrations`
  MODIFY `id` int(10) UNSIGNED NOT NULL AUTO_INCREMENT, AUTO_INCREMENT=23;

--
-- AUTO_INCREMENT cho bảng `orders`
--
ALTER TABLE `orders`
  MODIFY `id` bigint(20) UNSIGNED NOT NULL AUTO_INCREMENT, AUTO_INCREMENT=71;

--
-- AUTO_INCREMENT cho bảng `order_details`
--
ALTER TABLE `order_details`
  MODIFY `id` bigint(20) UNSIGNED NOT NULL AUTO_INCREMENT, AUTO_INCREMENT=68;

--
-- AUTO_INCREMENT cho bảng `order_statuses`
--
ALTER TABLE `order_statuses`
  MODIFY `id` bigint(20) UNSIGNED NOT NULL AUTO_INCREMENT, AUTO_INCREMENT=5;

--
-- AUTO_INCREMENT cho bảng `personal_access_tokens`
--
ALTER TABLE `personal_access_tokens`
  MODIFY `id` bigint(20) UNSIGNED NOT NULL AUTO_INCREMENT;

--
-- AUTO_INCREMENT cho bảng `posts`
--
ALTER TABLE `posts`
  MODIFY `id` bigint(20) UNSIGNED NOT NULL AUTO_INCREMENT, AUTO_INCREMENT=9;

--
-- AUTO_INCREMENT cho bảng `products`
--
ALTER TABLE `products`
  MODIFY `id` bigint(20) UNSIGNED NOT NULL AUTO_INCREMENT, AUTO_INCREMENT=16;

--
-- AUTO_INCREMENT cho bảng `replies`
--
ALTER TABLE `replies`
  MODIFY `id` bigint(20) UNSIGNED NOT NULL AUTO_INCREMENT, AUTO_INCREMENT=4;

--
-- AUTO_INCREMENT cho bảng `theme_settings`
--
ALTER TABLE `theme_settings`
  MODIFY `id` bigint(20) UNSIGNED NOT NULL AUTO_INCREMENT;

--
-- AUTO_INCREMENT cho bảng `users`
--
ALTER TABLE `users`
  MODIFY `id` bigint(20) UNSIGNED NOT NULL AUTO_INCREMENT, AUTO_INCREMENT=15;

--
-- Các ràng buộc cho các bảng đã đổ
--

--
-- Các ràng buộc cho bảng `banners`
--
ALTER TABLE `banners`
  ADD CONSTRAINT `banners_user_id_foreign` FOREIGN KEY (`user_id`) REFERENCES `users` (`id`);

--
-- Các ràng buộc cho bảng `comments`
--
ALTER TABLE `comments`
  ADD CONSTRAINT `comments_customer_id_foreign` FOREIGN KEY (`customer_id`) REFERENCES `users` (`id`),
  ADD CONSTRAINT `comments_post_id_foreign` FOREIGN KEY (`post_id`) REFERENCES `posts` (`id`);

--
-- Các ràng buộc cho bảng `orders`
--
ALTER TABLE `orders`
  ADD CONSTRAINT `orders_customer_id_foreign` FOREIGN KEY (`customer_id`) REFERENCES `users` (`id`),
  ADD CONSTRAINT `orders_status_id_foreign` FOREIGN KEY (`status_id`) REFERENCES `order_statuses` (`id`),
  ADD CONSTRAINT `orders_user_id_foreign` FOREIGN KEY (`user_id`) REFERENCES `users` (`id`);

--
-- Các ràng buộc cho bảng `order_details`
--
ALTER TABLE `order_details`
  ADD CONSTRAINT `order_details_order_id_foreign` FOREIGN KEY (`order_id`) REFERENCES `orders` (`id`),
  ADD CONSTRAINT `order_details_product_id_foreign` FOREIGN KEY (`product_id`) REFERENCES `products` (`id`);

--
-- Các ràng buộc cho bảng `posts`
--
ALTER TABLE `posts`
  ADD CONSTRAINT `posts_user_id_foreign` FOREIGN KEY (`user_id`) REFERENCES `users` (`id`);

--
-- Các ràng buộc cho bảng `products`
--
ALTER TABLE `products`
  ADD CONSTRAINT `products_category_id_foreign` FOREIGN KEY (`category_id`) REFERENCES `categories` (`id`);

--
-- Các ràng buộc cho bảng `replies`
--
ALTER TABLE `replies`
  ADD CONSTRAINT `replies_comment_id_foreign` FOREIGN KEY (`comment_id`) REFERENCES `comments` (`id`),
  ADD CONSTRAINT `replies_customer_id_foreign` FOREIGN KEY (`customer_id`) REFERENCES `users` (`id`);

--
-- Các ràng buộc cho bảng `theme_settings`
--
ALTER TABLE `theme_settings`
  ADD CONSTRAINT `theme_settings_user_id_foreign` FOREIGN KEY (`user_id`) REFERENCES `users` (`id`);
COMMIT;

/*!40101 SET CHARACTER_SET_CLIENT=@OLD_CHARACTER_SET_CLIENT */;
/*!40101 SET CHARACTER_SET_RESULTS=@OLD_CHARACTER_SET_RESULTS */;
/*!40101 SET COLLATION_CONNECTION=@OLD_COLLATION_CONNECTION */;
